자치구,거리,소요시간,교통편,코스레벨,설명,세부코스
관악구,1.3km,30분,"진입로 : 서울대학교 버스 정류장(21-127) 간선(파랑) 501, 506, 지선(초록) 6515, 5511, 5513, 5515, 5516, 5517, 5528, 6512, 6513, 6514<br />  관악산 등산로 입구에서 도보로 약 1.5km를 이동하면 관악산 자락길(무장애숲길)에 진입할 수 있다<br />  ※지하철 2호선 서울대입구역 3번 출구 버스정류장 서울대입구역(21-330)에서 지선버스 5511, 5513, 5515탑승 서울대학교(21-127)에서 하차<br />  ※교통편의 변경이 있을 수 있으니 출발전 확인 바랍니다. ",1,관악구 관악산 내에 위치한 자락길로 전체구간이 완만하여 누구나 이용가능한 노선으로 보행약자를 위해 무장애로 조성하였다 1.3km로 30분이면 노선을 통과할 수 있으며 대체적으로 완만하며 낮은 코스로 진행이 된다. 서울대학교 버스정류장에서 관악산 등산로 입구를 통하여 제2광장 화장실 부근에 도착하면 관악산자락길(무장애숲길)구간이 시작된다.<br /> ※안내표지판은 ‘무장애숲길’로 표기, 제2광장 자락길(무장애숲길)입구~책읽는 쉼터~잣나무 쉼터~바위쉼터~전망 쉼터~도토리 쉼터
"종로구,중구",1.8km, 1시간,"출발지 : 동대문역(1ㆍ4호선) 6번, 7번 출구 → 흥인지문<br /> 진입로 : 동대문역사문화공원역(2,4,5호선) 3번출구 → 도보5분 → 광희문<br /> 도착지 : 동대입구역(3호선) 5번 출구 → 장충체육관   ",1," 흥인지문에서 광희문을 지나 장충체육관까지 이어지는 구간이다. 흥인지문 일대는 도성 안에서 가장 지대가 낮아 성 안의 물이 이곳으로 흘러들어 수문(오간수문?이간수문)으로 빠져 나갔고, 하도감? 염초청?훈련원 등의 군사시설도 밀집했다. 대한제국 시기에는 전차개설로, 일제강점기에는 도로 건설과 경성운동장 건설 등으로, 해방 후에는 도로 확장과 주택 건설 등으로 인해 흥인지문에서 장충동에 이르는 성벽 대부분이 철거?훼손되었다. 현재 이간수문은 원 위치에 정비되어 있고, 하도감 유구는 동대문역사문화공원 안으로 이전되어 전시 중이다. 주변의 동대문디자인플라자?동대문시장?평화시장?방산시장 등에서는 쇼핑도 즐길 수 있다.<br /> ※광희문에서 장충체육관 방면으로 가는 길은 민가 지역이니 조용히 걷는 배려가 필요하다.<br /> ※자세한 사항은 한양도성 홈페이지(<A HREF='http://seoulcitywall.seoul.go.kr'>http://seoulcitywall.seoul.go.kr</A>)에서 확인하실 수 있습니다.", 흥인지문-동대문역사문화공원(옛 동대문운동장 터)-광희문-장충체육관
종로구,4km, 2시간 30분,"출발지  <br /> ㆍ서대문역(5호선) 4번 출구 → 도보 7분 → 돈의문 터?강북삼성병원<br /> ㆍ시청역(1,2호선) 2번 출구 → 도보 20분 → 돈의문 터?강북삼성병원<br /> ㆍ간선 101, 710, 470, 471, 704, 720, 601, N37(서대문역사거리)<br /> ㆍ종로05(강북삼성병원)<br />  도착지 : 경복궁역(3호선) 3번출구 → 경복궁역 정류장 → 지선버스 7022, 7012, 1020번(자하문고개.윤동주시인의언덕)  ",2," 돈의문 터에서 시작해 인왕산을 넘어 윤동주 시인의 언덕까지 이어지는 구간이다. 해발 338m인 인왕산은 풍수상 우백호(右白虎)에 해당한다. 거대한 바위들이 노출되어 있는 바위산으로 치마바위, 선바위, 기차바위 등 기암괴석이 많다. 인왕(仁王)은 불교식 명칭으로, 무학대사가 이 산을 주산으로 삼으면 불교가 융성할 것이라고 하였다는 이야기가 전한다. 1968년 1?21 사태 이후 민간인 출입이 통제되다가 1993년 개방되었다.<br /> ※인왕산은 바위 구간이 많아서 겨울철 등산 시에 주의해야 한다. (인왕산으로 진입하면 화장실이 없으므로 출발 전 미리 다녀오는 것이 좋다.<br /> ※매주 월요일 휴무, 월요일이 공휴일인 경우 화요일 휴무<br />  ※자세한 사항은 한양도성 홈페이지(<A HREF='http://seoulcitywall.seoul.go.kr'>http://seoulcitywall.seoul.go.kr</A>)에서 확인하실 수 있습니다.",돈의문 터-인왕산 정상-윤동주 시인의 언덕-창의문
중구,1.8km, 1시간,"출발지<br /> ㆍ서울역 (1,4호선) 4번출구 → 도보 10분 → 숭례문<br /> ㆍ시청역 (1,2호선) 8번출구 → 도보 12분 → 숭례문<br /> ㆍ회현역 (4호선) 5번출구 → 도보 5분 → 숭례문<br /> 도착지<br /> ㆍ서대문역(5호선) 4번 출구 → 도보 7분 → 돈의문 터?강북삼성병원<br /> ㆍ시청역(1,2호선) 2번 출구 → 도보 20분 → 돈의문 터?강북삼성병원 ",1," 백범광장에서 숭례문을 지나 돈의문 터까지 이어지는 구간이다. 한양도성의 정문인 숭례문은 한강과 도성을 최단거리로 잇는 문이어서 사람과 물자의 통행도 가장 많았다. 상업이 발달한 조선 후기에는 문 밖에 칠패시장, 문 안 선혜청 창고 앞에 남대문 조시(朝市)가 만들어졌다. 이중 칠패시장은 종루, 이현(梨峴)의 시장과 함께 ‘도성삼대시(都城三大市)’로 꼽혔으며, 남대문 조시는 오늘날의 남대문시장으로 이어졌다. 서구(西歐) 각국과 통상조약을 체결하고 서울을 개방한 이후에는 남대문 인근의 정동에 각국 공사관(公使館)과 외교관 사택, 선교사들이 세운 교회와 학교들이 들어섰다. 1899년 전차가 개통됨에 따라 숭례문은 더 이상 문의 구실을 못하게 되었고, 1907년에는 교통 불편을 해소한다는 명목으로 숭례문 양쪽 성벽이 철거되었다. 이후에도 남대문로 주변에 대형 건축물이 들어설 때마다 성벽이 철거되어 숭례문 주변에서는 옛 성벽을 찾아보기 어렵다. 현재 숭례문 구간에서 한양도성의 흔적을 발견할 수 있는 곳은 세 군데 있다. 밀레니엄 서울힐튼과 SK남산빌딩 뒤쪽의 성벽, 대한?서울상공회의소에서 올리브 타워로 이어지는 길가에 성벽 일부가 담장처럼 남아있으며, 창덕여자중학교 담장 아랫부분에서 50m 정도의 성벽을 볼 수 있다. <br /> ※숭례문-연중상설(월요일 휴무) 관람시간 09:00~18:00, 여름철(6월~8월) 09:00~18:30, 겨울철(11월~2월) 09:00~17:30 <br /> ※숭례문 구간은 성곽의 자취를 찾기 쉽지 않으므로 순성길에 대한 사전학습이 필요하다.<br /> ※자세한 사항은 한양도성 홈페이지(<A HREF='http://seoulcitywall.seoul.go.kr'>http://seoulcitywall.seoul.go.kr</A>)에서 확인하실 수 있습니다.",백범광장-남대문시장-숭례문-돈의문터 강북삼성병원
종로구,4.70km,3시간,"출발지 : 경복궁역(3호선) 3번 출구 →지선(초록)버스 7212, 1020,7022번 버스(자하문고개.윤동주시인의언덕)→ 도보 2분→창의문<br />  도착지<br /> ㆍ한성대입구역(4호선) 5번 출구 → 도보 5분 → 혜화문<br /> ㆍ혜화역(4호선) 4번  출구 → 도보 15분 → 혜화문 ",2," 창의문에서 백악을 넘어 혜화문에 이르는 구간이다. 백악(북악산, 342m)은 옛 서울의 주산으로 내사산 중 가장 높다. 공극산(拱極山), 면악(面岳)이라고도 하였으며 산세가 ‘반쯤 핀 모란꽃’에 비유될 만큼 아름답다. 한양도성은 백악을 기점으로 축조되었다. 1968년 1?21 사태 이후 40년 가까이 출입이 제한되다가 2007년부터 시민에게 개방되었다.<br />  ※매주 월요일 휴무, 월요일이 공휴일인 경우 화요일 휴무 여름철(3월~10월) 09:00~16:00, 겨울철(11월~2월) 10:00~15:00<br /> ※창의문 ? 숙정문 ? 말바위 안내소 입장 시 반드시 신분증을 지참해야 한다.<br />  어른 : 주민등록증, 운전면허증, 국가유공자증, 공무원증, 여권, 국제운전면허증 (사진, 복사본일 경우 입산하실 수 없습니다.)<br /> 미성년자 : 보호자 동반하에 입산 가능 <br /> 문의 : 한국문화재재단 02-730-9924<br /> 일부 지역은 사진촬영이 제한될 수 있다. 출발하면 약 2시간 동안 화장실이 없으므로 미리 다녀오는 것이 좋다. <br /> ※자세한 사항은 한양도성 홈페이지(<A HREF='http://seoulcitywall.seoul.go.kr'>http://seoulcitywall.seoul.go.kr</A>)에서 확인하실 수 있습니다.", 창의문 - 숙정문 - 말바위 안내소 - 와룡공원 - 혜화문
중구,4.2km,3시간,"출발지 : 동대입구역(3호선) 5번 출구 → 장충체육관<br /> 진입로 : 지하철 3호선 동대입구역 6번 출구에서 02,03,05번 남산순환버스 탑승 국립극장, 남산북측순환로 입구, 남산N서울타워 하차<br /> 도착지 : 백범광장   ",2," 장충체육관 뒷길에서 남산공원까지 이어지는 구간이다. 남산(목멱산, 해발 243m)은 서울의 안산(案山)에 해당하여 조선 초기부터 국태민안(國泰民安)을 비는 국사당을 이 산에 두었다. 또 정상에는 변방의 변란을 알리는 봉수대를 설치하여 궁궐에서 직접 살필 수 있게 하였다. 한강 남북을 포괄하는 현재 남산은 서울의 행정구역상 중심부에 해당하며 정상 부근에는 서울의 지리적 중심임을 표시하는 ‘서울 중심점’이 설치되어 있다. 1921년부터 1925년까지 일제가 남산 중턱에 조선신궁을 지으면서 주변 성벽을 대부분 파괴했으나 1970년대 이후의 성곽 보존 ? 정비 사업과 1990년대 중반 남산 제 모습 찾기 사업을 통해 현재는 옛 모습을 상당 부분 회복하였다.<br /> ※남산-24시간 개방 (신라호텔~반얀트리클럽, 스파서울 안쪽 구간 09:00~18:00)<br /> ※장충체육관 뒷길은 주택 지역이므로 주민들에게 피해가 가지 않도록 배려가 필요하다.<br /> ※자세한 사항은 한양도성 홈페이지(<A HREF='http://seoulcitywall.seoul.go.kr'>http://seoulcitywall.seoul.go.kr</A>)에서 확인하실 수 있습니다.", 장충체육관-국립극장-N서울타워-남산 팔각정-백범광장
"성북구,종로구",2.1km,1시간,"출발지 : 한성대입구역(4호선) 4번출구 → 도보3분 → 혜화문 <br />  도착지 : 동대문역(1ㆍ4호선) 6번, 7번 출구 → 흥인지문<br />  진입로 : 혜화역(4호선) 2번출구 → 도보20분 → 낙산공원 공원입구 → 도보5분 → 낙산정상 ",1," 혜화문에서 낙산을 지나 흥인지문까지 이어지는 구간이다. 낙산(126m)은 서울의 좌청룡에 해당하는 산으로 내사산 중 가장 낮다. 생긴 모양이 낙타 등처럼 생겨 낙타산, 타락산이라고 부르기도 하였다. 낙산 구간은 경사가 완만하여 산책하듯 걷기에 적당하다. 특히 가톨릭대학 뒤편 길을 걷다보면 축조 시기별로 성돌의 모양이 어떻게 다른지를 볼 수 있다.<br /> ※장수마을과 이화마을을 지날 때에는 주민들에게 피해가 가지 않도록 주의하는 배려가 필요하다.<br /> ※자세한 사항은 한양도성 홈페이지(<A HREF='http://seoulcitywall.seoul.go.kr'>http://seoulcitywall.seoul.go.kr</A>)에서 확인하실 수 있습니다.",혜화문-낙산공원 놀이마당-이화마을-흥인지문
서대문구,7km,2시간 ,"진입로1 : 지하철 3호선 독립문역 5번 출입구 <br /> 진입로2 : 서대문구청서대문보건소 버스정류장(13-156) 일반 567 간선 110A, 153 지선 7017, 7713, 7720, 7738, 8774 <br /> ※서대문구청 뒤편으로 이동하여 진입할 수 있다<br /> - 지하철 3호선 홍제역 3번 출구 홍제역 버스 정류장(13-125)에서 지선버스 7713, 7738탑승 가능<br /> ※교통편의 변경이 있을 수 있으니 출발전 확인 바랍니다. ",1,"서대문구 안산 자락길은 7㎞ 길이의 전국 최초의 순환형 무장애 자락길로 장애인, 노약자, 어린이 등 보행약자는 물론 휠체어, 유모차도 쉽게 숲을 즐길 수 있는 숲길이다. 안산 자락길은 구간별로 아까시숲, 메타세콰이아숲, 가문비나무숲 등 다양한 숲을 즐길 수 있으며 동서남북 방향에 따라 한강, 인왕산, 북한산, 청와대 등 다양한 조망을 즐길 수 있다. 또한 안산 자락길 주변에는 서대문독립공원과 형무소, 그리고 조선시대 세종때 만들어진 봉수대, 신라 진성여왕 시기에 창건된 봉원사 등 역사적인 명소가 가득하다. 안산 자락길은 안산을 둘러싼 순환형 자락길로 2호선 신촌역과 3호선 홍제역, 무악재역, 독립문역과 가까워 접근이 매우 용이하다.<br /> ※봄에는 울창한 숲길을 걸을 수 있는 명품 숲길이며, 조망이 특히 좋다.",
종로구,2.5km,1시간,진입로 : 지하철 3호선 경복궁역 1번출구 <br /> ※교통편의 변경이 있을 수 있으니 출발전 확인 바랍니다. ,1,"종로구 인왕산 내에 위치한 자락길로 전체구간이 완만하여 누구나 이용가능한 노선으로 보행약자를 위해 무장애로 조성하였다. 사직근린공원(사직단), 수성동계곡, 청운공원등이  연접하며, 북악산 한양도성탐방로, 백사실계곡, 북악산길 산책로와도 가까운 지리적 요건을 갖는다. 주택가, 학교, 복지시설에서 접근이 용이하며 3호선 경복궁역과 다양한 버스 노선 등으로 인해 접근이 용이하다. ",인왕산
양천구,4.6km,2시간30분,"진입로 : 금옥중.금옥여고.백암고등학교 버스 정류장(15-309) 지선버스6516,6657,6716,6614,6620,6640,6623 직행 700 <br />   - 지하철 2호선 신정네거리역 1번 출구 신정네거리역 버스 정류장(15-303)에서 6716탑승 후 금옥중.금옥여고.백암고등학교 버스정류장에서 하차 <br /> ※교통편의 변경이 있을 수 있으니 출발전 확인 바랍니다. ",1,"신정산 자락길은 양천구 계남근린공원 내에 위치하며 1,023m의 무장애숲길이 조성되어 있다. 계남근린공원을 크게 한바퀴를 돌 수 있는 코스로 이루어져있으며 대체적으로 완만한 지형으로 이루어져있어 특별한 트래킹요령이 필요치 않다. 또한 근린공원 내에 시설이 다양하게 분포됨에 따라 이용하기 편리하다. 신정산 자락길은 2호선 신정네거리역으로 접근가능하며 주택가와 초,중,고등학교가 인접하며 어려움없이 이용이 가능하다. 또한 남쪽으로 시립고척도서관이 위치하여 도서관과의 연계도 수월하다.",신정산
성북구,1.2km,40분,"진입로 1 : 정릉초교 버스 정류장(08-350) 지선버스 1014, 1114<br />  - 지하철4호선 성신여대입구역 6번출구에서 1014번 버스 환승 <br /> 진입로 2 : 성북생태체험관 버스 정류장(08-349) 지선버스 1014, 1114<br />  - 지하철4호선 길음역 2번출구에서 1114번 버스 환승 <br /> ※교통편의 변경이 있을 수 있으니 출발전 확인 바랍니다. ",1,"북한산 자락길은 성북구 북한산 도시자연공원내에 위치한 경사도가 완만한 산책로로  보행약자, 임산부, 노약자, 유모차 등 모든 계층, 모든 연령이 쉽게 이용할 수 있는 무장애 산책로 620m가 포함되어 있다. 무장애 산책로구간은 데크로드로 구성되어 생태계를 보존하고, 산책로 곳곳에 휴게데크 및 사각정자, 평의자, 북카페, 안내판 등 편의시설을 조성하여 이용객들이 편리하게 이용할 수 있다. ",북한산
마포구,2km,1시간 30분,진입로 : 지하철 6호선 월드컵경기장역 2번출구<br /> ※교통편의 변경이 있을 수 있으니 출발전 확인 바랍니다.  ,1,"마포구에 위치한 매봉산 자락길은 매봉산의 완만한 구간을 연결하여 통과하는 노선으로 누구나 이용가능한 경사이다. 또한 초입부터 약 500m구간을 보행약자를 위해 무장애데크를 조성하였다.  인접지에 월드컵경기장, 하늘공원 등이 위치함에 따라 연계하여 이용이 가능하며 마포구청, 마포농산물시장 등의 이용도 높은 시설이 있으며 주거지역이 밀집됨에 따라 이용객의 원활한 이용이 가능하다.",매봉산
동작구,0.5km,20분,진입로 : 7호선 숭실대입구역 3번출구 <br />   - 7호선 숭실대입구역 3번출구에서 총신대방향 600m전방 백운소방파출소옆 <br /> ※교통편의 변경이 있을 수 있으니 출발전 확인 바랍니다. ,1,"서달산에 위치한 자락길은 0.5km로 20분이면 노선을 통과할 수 있으며 대체적으로 완만하며 낮은 코스로 진행이 된다. 주변에는 국립현충원, 달마사, 호국지장상, 미륵암 등 지역의 역사가 숨쉬고 있는 문화재가 잘 보존되어 있다. 또한, 잣나무길, 피톤치드숲이 잘 조성되어 있어 아토피치료를 위해 지역유치원 및 어린이집에서 자주 이용하고 있다. 교통편은 7호선 숭실대입구역 3번출구로 나와 총신대방향으로 약 600m 올라오면 백운소방파출소옆에서 자락길을 이용할 수 있다. ",서달산
동대문구,0.73km,30분,"진입로 1: 휘경유수지견인차고지앞 버스 정류장(06-137) 간선버스(파랑) 145 /지선버스(초록) 1218, 2233 <br /> ※교통편의 변경이 있을 수 있으니 출발전 확인 바랍니다. ",1,"동대문구 배봉산 내에 위치한 자락길로 전체구간이 완만하여 누구나 이용가능한 노선이다. 배봉산은 중랑천, 답십리공원을 갈 수 있는 공원녹지순환길로 연결되어 있는 곳으로, 자락길은 무장애구간인 데크로 조성된 산책로로 배봉산연육교를 거쳐 진입할 수 있다.",배봉산연육교 ~ 제1만남의광장 ~ 동성빌라 
강동구,0.7km,20분,진입로 :  지하철 5호선 고덕역 3번 출입구 <br /> - 고덕역 버스 정류장(25-140)간선버스(파랑) 340/지선버스(초록) 3412<br /> ※교통편의 변경이 있을 수 있으니 출발전 확인 바랍니다.  ,1,"강동구 고덕산 내에 위치한 자락길로 전체구간이 완만하여 누구나 이용가능한 노선이다. 고덕근린공원, 샘터근린고원, 방죽근린공원이 인접하며 강동구에서 시행중인 강동그린웨이와도 가까운 지리적 요건을 갖는다. 주택가, 학교, 복지시설에서 접근이 용이하며 5호선 고덕역과 다양한 버스노선등으로 인해 접근이 가능하다. ",고덕산
"용산구,중구",8.45Km,3시간,진입로 1 : 마포역 지하철 5호선 4번 출구<br /> 진입로 2 : 서빙고역 지하철 중앙선<br /> 진입로 3 : 한남역 지하철 중앙선<br /> ※교통편의 변경이 있을 수 있으니 출발전 확인 바랍니다. ,1,한강시민공원 이촌지구를 따라 걷는 한강 수변 길로 넓게 펼쳐진 한강과 아름다운 공원에  지루할 틈 없는 코스,마포대교 원효대교 인근~한강시민공원 이촌지구 인근~동작대교 인근~서빙고역 반포대교 인근~한남역 인근
"용산구,중구",8.13Km,2시간,진입로 1 : 종각역 지하철 1호선 5번 출구<br /> 진입로 2 : 을지로입구역 지하철 2호선 3번 출구<br /> 진입로 3 : 한양대역 지하철 2호선 3번 출구<br /> ※교통편의 변경이 있을 수 있으니 출발전 확인 바랍니다. ,1,서울의 한복판인 종로구와 중구와의 경계를 잇는 하천으로 다양한 행사와 공연이 펼쳐짐,청계광장 인근~청계2가 인근~청계3가 인근~방산종합상가A동 인근~청평화시장 인근~롯데캐슬 베네치아 아파트 인근
"용산구,중구",1.63km,40분,"진입로 1 : 삼각지역 지하철 4, 6호선 3번 출구(또는 삼각지역 12번 출구에서 전쟁기념관으로 바로 진입)  <br />  ※교통편의 변경이 있을 수 있으니 출발전 확인 바랍니다.   ",1," 호국 자료의 수집?보존?전시, 전쟁의 교훈과 호국정신 배양, 선열들의 호국 위훈 추모를 목적으로 1990년 9월 착공해 1993년 12월 완공하고, 1994년 6월 10일 개관한 기념관이다. 연건평 2만 5천 평에 지하 2층, 지상 4층 규모이며, 호국추모실?전쟁역사실?한국전쟁실?해외파병실?국군발전실?대형장비실 등 6개 전시실로 구분되어 있는 전쟁기념관과 옥외에 조성된 공원을 둘러보며 역사를 되새길 수 있는 코스이다.", 옥외전시장~전사자영비
"용산구,중구",3.30km,1시간,"진입로 1 : 이촌역 지하철 중앙선, 4호선 2번 출구 <br /> ※교통편의 변경이 있을 수 있으니 출발전 확인 바랍니다.   ",2, 한국 최대 박물관인 국립중앙박물관을 거쳐 도심 속의 녹색쉼터 용산가족공원을 탐방하는 코스이다. , 국립중앙박물관~거울못~용산가족공원~보신각종
"용산구,중구",6.02km,2시간,"진입로 1 : 시청역 지하철 1, 2호선 10번 출구 <br /> 진입로 2 : 서울신문사 버스 정류장(02-137) 간선버스 101, 150, 402, 501, 506, 405 지선버스 1711, 7016 순환버스 91s투어 <br /> 진입로 3 : 도보진입 <br /> ※교통편의 변경이 있을 수 있으니 출발전 확인 바랍니다.    ",1," 옛 정취가 그대로 살아있는 높다란 돌담길을 걷다 정동극장, 구러시아공사관, 서울의 역사가 고스란히 담긴 서울 역사박물관 등을 거치며 다양한 볼거리와 배울거리를 만나는 서울 도심의 보석 같은 코스", 덕수궁 돌담길~대한문~경운궁 양이재~홍화문~정동공원
"용산구,중구",2.29km,1시간,진입로 1 : 한강진역 지하철 6호선 1번 출구 <br /> ※교통편의 변경이 있을 수 있으니 출발전 확인 바랍니다.  ,1," 남산식물원은 서울시 중구 남산에 있던 식물원으로 1968년 개원하여 2006년까지 운영되었다. 2009년부터 노후화된 시설을 철거하고 실개천, 휴게공간 조성 및  녹지공간 복원 등을하여 2010년말 새롭게 개장했다. 숲길이 잘 정비되어 있고 다양한 식물들이 풍성해 보행자들에게 산책의 묘미를 느끼게 해주는 코스이다.", 라틴아메리카 공원~야생화 공원~ 팔도소나무 단지
"중구,중랑구",9.17km,3시간,"진입로 1 : 서울역 지하철 1, 4호선 11번 출구 <br />    진입로 2 : 충무로역 지하철 3, 4호선 4번 출구 <br />    진입로 3 : 도보진입 <br />    진입로 4 : 명동입구 버스 정류장(02-149) 간선버스 104, 463, 604, 507, 421, 지선버스 7011, 순환버스 05, 90s투어  <br /> ※교통편의 변경이 있을 수 있으니 출발전 확인 바랍니다.    ",2," 그 옛날 이 정도 석성을 쌓으려면 도대체 얼마나 많은 인력과 시간이 필요했을까? 하는 의문을 품게 만드는 성곽길로 코스를 시작한다. 서울성곽에 나 있는 길 중에서도 가장 걷기 편한 구간이 바로 이 길의 시작이다. 이후 걷게 되는 남산북측순환산책로는 남산 산책로 중의 으뜸이라 중언부언할 필요가 없을 정도이다. 좋은 길만 엮어 놓았으니 기분 좋게 발걸음 떼는 일만 남았다. <br />※가을에는 곱게 물든 단풍이 장관을 이룬다. 코스 중간에 있는 N서울타워는 각종 공연과 문화 행사 등 볼거리를 제공하고, 사랑의 열쇠탑은 연인들이 사람을 확인하고 맹세하기 위해 많이 찾는 명소이기도 하다.", 남산도서관앞~N서울타워~남산공원~와룡묘
"용산구,중구",1.88km,1시간,"진입로 1 : 순천향대학병원 버스 정류장(03-163) 직행버스 9007, 9003, 9300, 7900, 8800, 9001, 1005-1, 5500, 5500-2, 5500-1, 9000, 1150, 5007, 5000, 5005, 8100, 광역버스 9401, 9401B  <br /> ※교통편의 변경이 있을 수 있으니 출발전 확인 바랍니다.   ",1, 도심 속 작은 숲 속으로 인근 주민들이 산책을 즐기며 남산과도 이어진다., 단국대학교~매봉산공원~힐사이드아파트~남산공원길
"광진구,성동구",12.84Km,4시간,"진입로 1 : 옥수역 지하철 3호선, 중앙선 한강공원방면 출구<br /> 진입로 2 : 뚝섬유원지역 지하철 7호선<br /> 진입로 3(경로 끝) : 우미내검문소.고구려대장간마을 버스 정류장(22-007) 일반 96, 95, 92, 93, 1-2, 1-1, 15, 2000-1, 2000-3, 1, 1-4, 23, 9, 91, 97 직행 11, 1660, 100<br /> ※교통편의 변경이 있을 수 있으니 출발전 확인 바랍니다. ",1,서울숲과 뚝섬한강공원을 경유하며 한강변을 따라 걷는 코스. <br />  <div class='table_css'> <table border='1'> <caption>※ 세부코스</caption> 	<tr> 		  <th colspan='2'>세부코스</th> 		  <th>거리(km)</th> 		  <th>소요시간</th> 		  <th>비고</th> 	  </tr> 	<tr> 		<td rowspan='3'>성동광진구한강길</td> 	</tr> 	<tr> 		  <td>1</td> 		  <td>6.23</td> 		  <td>1시간 50분</td> 		  <td>옥수역 인근~뚝섬유원지 인근(뚝섬유원지역)</td> 	</tr> 	<tr> 	 	  <td>2</td> 		  <td>6.61</td> 		  <td>2시간 10분</td> 		  <td>뚝섬유원지 인근(뚝섬유원지역)~쉐라톤워커힐 호텔 인근</td> 	</tr> 	 </table> </div>,"옥수역 인근~서울숲 인근~영동대교 인근~뚝섬유원지 인근~뚝섬유원지, 잠실대교 인근~동서울터미널 인근~올림픽대교, 강변북로 인근~쉐라톤워커힐호텔 인근"
"광진구,성동구",1.89km,2시간,진입로 1 : 아차산역 지하철 5호선 4번 출입구 <br />    진입로 2 : 어린이대공원역 지하철 7호선 6번 출입구 <br /> ※교통편의 변경이 있을 수 있으니 출발전 확인 바랍니다.   ,1," 53만여㎡의 넓은 공간속에 동물원, 식물원, 놀이동산 및 다양한 공연시설과 체험공간이 가득한 어린이 가족테마공원이다.    (`Free course` 로 자유롭게 다닐 수 있도록 조성)", 모험의 나라 놀이터~음악분수~전래동화마을~물놀이장
"광진구,성동구",2.78km,3시간,진입로 1 : 도보진입(동의초등학교) <br /> - 아차산역 지하철 5호선 2번 출구에서 도보로 이동(약 1km)하여 동의초등학교로 갈 수 있다<br /> ※교통편의 변경이 있을 수 있으니 출발전 확인 바랍니다.   ,3, 서울 한강 북쪽의 아차산은 아끼산 아계산으로도 불린다. 고구려 장군 온달이 신라군과 싸우다 전사했다는 이야기도 전해 내려오며 능선에서는 한강 유역을 한 눈에 내려다 볼 수 있어 예전부터 군사적 요충지로 손꼽힌다. <br />※가을이면 아차산 능선에서 보이는 한강 둔치에 코스모스 물결이 장관이다. 또한 산은 낮아도 주변 일대가 평지라 정상에서 보이는 한강과 어우러진 도심의 야경은 탄성을 자아내기에 충분하다. , 만남의 광장~소나무림~아차산성~아차산성 유원지~오동나무 자생지
"광진구,성동구",2.93㎞,1시간30분,"출 발 지 : 군자역 지하철 5호선, 7호선 8번 출입구 <br />    도 착 지 : 한양대역 지하철 2호선 3번 출구 <br /> ※교통편의 변경이 있을 수 있으니 출발전 확인 바랍니다.   ",1,무료로 개방되는 어린이대공원을 후문으로 들어가 한 바퀴 돈 후 정문으로 나가게 된다. 이름 그대로 아이들과 함께 가도 아주 좋을만한 코스이다. 이후 군자교 부근에서 시작되는 송정동 둑길을 지난다. 옆으로 동부간선도로를 달리는 자동차 소리가 들리기는 하지만 높이 솟은 가로수들이 시원한 그늘을 드리우고 있어 한여름에도 걷기가 나쁘지 않다. 또한 중반 무렵 화장실 왼쪽으로 시작되는 은행나무길은 울창한 숲 속에 들어와 있는 착각마저 불러일으킨다. 이후 조선시대에 가장 긴 다리였다는 살곶이다리를 건너 중랑천길을 잠시 걸어 응봉역으로 진입한다. , 아차산역~어린이대공원~송정동 둑길~살곶이다리~응봉역
"광진구,성동구",5.22km,2시간,진입로 1 : 서울숲역 지하철 분당선 3번 출구(또는 뚝섬역 지하철 2호선 8번 출구로 나와 서울숲으로 이동) <br />    진입로 2 : 도보진입 <br /> ※교통편의 변경이 있을 수 있으니 출발전 확인 바랍니다.    ,1, 5개의 테마공원을 갖추고 서울시민들의 웰빙 쉼터로 시민들이 가꾼 자연의 숲.    `Free course` 로 자유롭게 다닐 수 있도록 조성한 코스이다., 숲속길~뚝섬가족마당~거울연못~바람의 언덕
"광진구,성동구",8.82km,3시간30분,진입로 1 : 뚝섬역 지하철 2호선 8번 출입구 <br />    진입로 2 : 서울숲역 지하철 분당선 3번 출입구 <br /> ※교통편의 변경이 있을 수 있으니 출발전 확인 바랍니다.    ,2," 서울숲에서 시작하여 응봉공원, 금호산, 매봉산을 거쳐 남산에 이르는 코스이다. 2010년 성동구에서 조성한 산책로로서 곳곳에 안내판이 설치되어 있어 헤메지 않고 쉽게 찾아갈 수 있다. 서울숲은 115만㎡에 5개의 테마공원과 다양한 볼거리를 갖추고 내방객을 기다린다. 응봉공원 전망대에서는 서울숲과 함께 한강 일대가 조망되어 야경 촬영지로도 명성이 높다. <BR /> ※용비교 도로확장공사로 보행로 폐쇄 <BR />  ※서울숲 11번 출입구로 우회하여 이동", 용비교~응봉공원~독서당공원~금호산~매봉산~서울성곽길
동대문구,3.57Km,1시간,"진입로 1 : 제기동역 지하철 1호선 4, 5번 출구<br /> 진입로 2(경로 끝 부근) : 월곡역(동덕여대) 지하철 6호선<br /> ※교통편의 변경이 있을 수 있으니 출발전 확인 바랍니다. ",1,성북구 정릉동 삼각산 계곡에서 발원하여 동대문구 신설동과 용두동 사이를 통과 청계천으로 흘러 들어가 다시 중랑천과 한강으로 합류,제기로9길 인근~고산자로58길 인근~코업스타클래스 인근
동대문구,1.83km,1시간,진입로 1 : 고려대역 지하철 6호선 3번 출구 <br />  ※교통편의 변경이 있을 수 있으니 출발전 확인 바랍니다.   ,1," 안암동 고려대학교에서 회기동 경희대학교로 넘어가는 도로변에 위치한 국립산림과학원. 그 안에 살아 숨 쉬는 홍릉수목원은 우리나라 최초의 수목원으로 44만㎡ 면적에 수많은 국내식물이 식재되어 있다. 형형색색의 기화요초는 거대한 정원을 연상하게 만들고 아름드리나무들 사이로 조성된 2㎞ 산책로는 ‘도심 속 오아시스’를 느끼게 한다. <font color = 'red'>단, 홍릉수목원은 식물 연구 중심의 수목원이라 평일에는 일반인에게 개방되지 않으므로 토요일, 일요일에 이용해야 한다(무료)</font> <br />  ※관람시간 : 겨울철(11~2월) 10:00~16:00, 여름철(3~10월) 10:00~17:00<br /> ※자세한 사항은 국립산림과학원(홍릉숲)홈페이지에서 확인하실 수 있습니다.<br /> ※문의전화 : 02-961-2552", 홍릉수목원 입구~조경인의 숲
동대문구,3.51km,2시간,"진입로 1 : 시립대입구 버스 정류장 마을 동대문05 <br />    진입로 2 : 답십리2동한양아파트앞 버스 정류장(06-228) 간선 262, 지선 2112, 3220 <br />    진입로 3 : 배봉초등학교앞 버스 정류장(06-210) 지선 2015, 2233, 2311, 2230  <br />    진입로 4 : 도보진입 <br /> - 지하철 1호선, 중앙선 회기역 2번 출구에서 삼육병원으로 이동 배봉산근린공원입구로 진입(약 800m)<br /> ※교통편의 변경이 있을 수 있으니 출발전 확인 바랍니다.   ",2," 동대문구에서 조성한 녹지순환산책로를 접근이 용이하도록 재구성한 코스이다. 따라서 배봉산근린공원이 그 중심을 이룬다. 배봉산근린공원은 산이 부족한 동대문구의 보조 산소통이다. 배봉산은 동대문구 전농동에 있는 표고 110m의 산이다. 배봉산이라는 이름은 조선조 영조때 사도세자가 당쟁에 의해 죽은 뒤 이곳에 장례를 지냈는데, 사도세자의 아들인 정조가 평생에 못다한 불효를 속죄한다며 날마다 부친의 묘소를 향해 배례를 하면서 산이름이 배봉산(拜峰山)으로 불려졌다. 서울시립대학교가 위치해 있으며, 조선시대 영우원과 휘경원 등 왕실 묘원이 마련되어 있었으며, 목마장의 울타리가 지났던 곳이다.<br /> ※배봉산은 작은 동산이라 누구나 쉽게 오를 수 있고 능선도 완만하게 이어져 시민들에게 사랑받는 산책로이다. 높은 산처럼 조망이 좋지는 않지만 우거진 나무들 덕에 가을에는 낙엽을 밟으며 가을을 몸으로 느낄 수 있다.", 배봉산 출입구~답십리 근린공원~배봉산근린공원 진입
중랑구,3.73km,2시간,진입로 : 양원역 지하철 중앙선 2번 출구 <br />  ※교통편의 변경이 있을 수 있으니 출발전 확인 바랍니다.     ,2," 개발제한구역 내 비닐하우스 등으로 훼손된 곳을 복원하여 학생소풍 및 가족단위 피크닉을 주제로 한 체험공원입니다. 인위적 시설을 최소화하였으며, 건강한 숲을 주제로 한 생태학습 공원입니다. 또한 소규모 야외무대 설치 등 청소년 중심의 문화중심 공원으로 조성되었다. ", 중랑캠핑숲입구~망우산공원입구~나들이공원
중랑구,5.68km,2시간,"진입로 1 : 태릉입구역 지하철 6, 7호선 8번 출구 <br />    진입로 2 : 사가정역 지하철 7호선 3번 출구 <br /> ※교통편의 변경이 있을 수 있으니 출발전 확인 바랍니다.   ",1," 중랑천제방은 이렇다 할 공원ㆍ녹지공간이 없는 중랑천 일대의 주민들에게 휴식과 운동, 여가를 제공해주는 중요한 코스이다.", 사각문~묵동수림공원~수림대장미원
중랑구,4.02km,2시간,진입로 1 : 용마산역 지하철 7호선 2번 출구  <br />    진입로 2 : 용마한신아파트 버스 정류장(07-201) 일반 70 간선버스 320 지선버스 2012  <br />  ※교통편의 변경이 있을 수 있으니 출발전 확인 바랍니다.   ,3," 동양 최대의 인공폭포인 용마폭포공원에서 시작하여, 용마산의 수수하고 차분한 숲길을 걸어보는 즐거움이 있는 노선이다. 해발 287m의 용마산은 오르기 어렵지 않고 편안한 산행을 약속한다. 용마산 숲길을 지나 조선 시대의 문신 서거정의 시 4편이 새겨져있는 사가정공원에 이르러 시 한수와 함께 조금은 힘들었던 산행을 마무리할 수 있다.", 용마폭포공원~용마산 우수조망명소~깔딱고개~사가정공원
중랑구,5.51km,2시간30분,"진입로 1 : 용마문화복지센터 버스 정류장(07-195) 간선버스 271, 지선버스 1213, 2013, 2230<br /> - 지하철 7호선 면목역 2번 출구 지하철7호선면목역 버스 정류장(07-228)에서 지선버스 1213, 2013 탑승 가능 <br /> ※교통편의 변경이 있을 수 있으니 출발전 확인 바랍니다.    ",2," 망우리 묘지 이장지역을 생태적으로 복원하여 사계절 즐길 수 있는 공원으로 조성하였다. 묘역을 끼고 있어 왠지 오싹한 느낌이 들 것 같지만 막상 공원에 들어서면 무덤들이 울창한 숲에 가려져 보이지 않아 자연의 여유로움을 만끽할 수 있다. 산책 중간에 박인환 시인의 묘소에 들러 “목마와 숙녀”를 음미할 수 있으며, 주변 곳곳에 있는 어린이 운동의 효시인 방정환, 민족대표 33인 중 오세창, 한용운 선생 등 연보비 앞에서 잠깐 걸음을 멈추고 역사를 음미하는 시간을 갖는 것도 좋을 것 같다. ", 전망대~망우사색의 길
노원구,2.84Km,2시간,진입로 1 : 상계역 지하철 4호선 4번 출구<br /> 진입로 2 : 중계역 지하철 7호선 6번 출구<br /> ※교통편의 변경이 있을 수 있으니 출발전 확인 바랍니다. ,1,주변 학교 주거지역과 인접해 있어 접근성이 좋아 인근 주민들이 자주 이용한다,상계역 인근~양지마을 대림 2차 아파트 인근~가재울 근린공원 인근~학여울 청구아파트 인근
노원구,3.96Km,1시간30분,"진입로 1 : 태릉입구역 지하철 6, 7호선 7번 출구<br /> 진입로 2 : 화랑대역 지하철 6호선 4번 출구<br /> ※교통편의 변경이 있을 수 있으니 출발전 확인 바랍니다. ",1,노원구와 중랑구를 통과하는 하천길로 지하철역과 주변 아파트로 인해 접근성이 좋아 인근 주민들이 많이 이용한다,한국아파트 인근~브라운스톤태릉아파트 인근~태릉고등학교 인근~중랑소방서 인근~서울메디컬타워 인근~육사아파트 인근~육사체육관 인근
노원구,20.74Km,6시간,"진입로 1 : 도봉산역 지하철 1, 7호선 2번 출구<br />  진입로 2 : 수락산역 지하철 7호선<br /> 진입로 3 : 월계역 지하철 1호선 2번 출구<br /> 진입로 4 : 석계역 지하철 1, 6호선 3번 출구<br /> 진입로 5 : 중랑역 지하철 경의선 1번 출구<br /> 진입로 6 : 군자역 지하철 5, 6호선 1번 출구<br /> 진입로 7 : 응봉역 지하철 중앙선 2번 출구<br /> ※교통편의 변경이 있을 수 있으니 출발전 확인 바랍니다. ",1,"경기도 양주시에서 발원하여 의정부를 지나 남류하여 한강으로 흘러드는 하천을 따라 산책로로 이용. <br />  <div class='table_css'> <table border='1'> <caption>※ 세부코스</caption> 	<tr> 		  <th colspan='2'>세부코스</th> 		  <th>거리(km)</th> 		  <th>소요시간</th> 		  <th>비고</th> 	  </tr> 	<tr> 		<td rowspan='5'>중랑천길</td> 	</tr> 	<tr> 		  <td>1</td> 		  <td>5.92</td> 		  <td>1시간 40분</td> 		  <td>도봉산역, 수락산역 인근~월계역 인근 </td> 	</tr> 	<tr> 	 	  <td>2</td> 		  <td>5.1</td> 		  <td>1시간 30분</td> 		  <td>월계역 인근~중랑역 인근</td> 	</tr> 	<tr> 	 	  <td>3</td> 		  <td>4.1</td> 		  <td>1시간 10분</td> 		  <td>중랑역 인근~군자역 인근</td> 	</tr> 	<tr> 	 	  <td>4</td> 		  <td>5.62</td> 		  <td>1시간 40분</td> 		  <td>군자역 인근~응봉역 인근</td> 	</tr> 	 </table> </div>",도봉주공1단지 인근~성균관대도봉선수촌 인근~방학동삼성래미안아파트 인근~창동주공19단지아파트 인근~초안산근린공원 인근~월계삼호4차아파트 인근~두산아파트 석계초등학교 인근~일신강변아파트 인근~동국대사대부속중학교 인근~현대홈타운아파트 인근~성동세무서 인근~응봉역 인근
"노원구,도봉구",4.59km,1시간30분,"진입로 1 : 녹천역 지하철 1호선 4번 출구  <br />    진입로 2 : 도보진입 <br />    진입로 3 : 인덕대학교 버스정류장(11-309) 지선 1130, 1133, 1161<br />  ※교통편의 변경이 있을 수 있으니 출발전 확인 바랍니다.               ",1," 초안산은 아주 작은 산이지만, 면적에 비해서 믿기지 않을 정도의 아기자기한 길이 고루 퍼져있다. 조선시대 내시들의 묘가 많아 ‘내시네 산’이라고도 불렸는데, 조선시대의 분묘가 무려 1,000여기나 산재해 있다. 한국 전쟁 때 국군이 이곳에 ‘청동 저지선’을 치고 북한군과 치열한 접전을 벌여 지금도 당시의 방공호가 곳곳에 남아 있다. <br />※봄에 초안산 인근 우이천길을 걸으면 흐드러진 벚꽃 속에서 봄을 온몸으로 맞이할 수 있다.<br />※2013년‘G마켓, 생명의숲이 함께하는 초록숲길 만들기’사업 대상 노선으로 노선 전체에 초록숲길 안내표지판 설치 ", 산사나무 군락지
노원구,1.12km,1시간,"진입로 1 : 인덕삼거리 버스 정류장(11-331) 간선버스 163 지선버스 1017, 1130, 1133, 1137, 1140  <br /> - 지하철 1호선 월계역 3번 출구에서 월계근린공원으로 이동 가능(약 500m) <br /> 진입로 2 : 월계삼거리 버스 정류장(11-286) 간선버스 261 지선버스 1017, 1137 <br />  ※교통편의 변경이 있을 수 있으니 출발전 확인 바랍니다.   ",1," 아기자기한 오솔길이 얽혀있어 걷기 좋은 근린공원이다. (무단경작지가 들어서 있는 영축산근린공원은 도심텃밭과 목공, 염색체험을 할 수 있도록 조성방안 검토 중)", 체력장
노원구,7.39km,4시간30분,진입로 1 : 수락산역 지하철 7호선 3번 출입구 <br />    진입로 2 : 수락산 입구 교차로  <br />  ※교통편의 변경이 있을 수 있으니 출발전 확인 바랍니다.   ,3," 수락산은 해발 637m로 남쪽으로 불암산과 연결되어 노원구 상계동과 의정부시, 남양주시의 경계를 이루고 있다. 수락산 능선상에 있는 암봉들은 서울을 향해서 고개를 숙이고 있는 형국으로 태조 이성계는 서울의 수호산이라고 하였다. 수락산의 명칭은 내원암 일대 계곡에 바위가 벽을 이루고 있어 물이 굴러 떨어지므로 수락이라고 하였다는 설과 골짜기 물이 맑아 금류, 은류, 옥류라는 폭포를 이루어 떨어지는 자태에 이름이 붙여졌다는 전설도 있다. 대부분 돌산으로 화강암의 암벽이 노출되어 있지만 산세는 험하지 않으며 수각계곡과 노원골 일대 1km 산책로는 삼림욕을 하기에 아주 놓은 곳이다. 주말이면 도심에서 몰려온 산악인들로 항상 붐비는 산이며 북한산, 도봉산, 관악산과 함께 서울 근교의 4대 명산으로 불린다.<br />    ※ 2012년‘G마켓, 생명의숲과 함께하는 아름다운 숲길 가꾸기’사업 대상 노선으로 노선 전체에 초록숲길 안내표지판 설치 ", 암불사~도솔봉~수락산정상
노원구,9.79km,3시간,"진입로 1 : 효성화운트빌 버스 정류장(11-133) 지선버스 1132, 1143 <br /> - 지하철 6호선 화랑대역 1번 출구 버스 정류장(11-118)에서 지선버스 1132탑승 가능 <br /> - 또는, 화랑대역 4번 출구에서 원자력병원 맞은편으로 도보이동하여 진입할 수 있다<br /> 진입로 2 : 중계본동종점 버스 정류장(11-409) 지선버스 1131, 1141, 1142, 1143, 1221 <br />    진입로 3 : 도보진입 <br /> ※교통편의 변경이 있을 수 있으니 출발전 확인 바랍니다.            ",2," 수락산과 나란한 불암산은 등산코스로 이름이 높지만 그 언저리로는 그림 같은 숲 산책로가 뻗었다. 또한 가는 길에 불암산 삼육대 생태경관보전지역에 들러 중부지방의 극상수종인 서어나무를 만날 수 있고, 조선 중종의 계비인 문정왕후(文定王后) 윤씨를 모신 태릉에 들어 역사의 향기를 음미할 수도 있다.", 회춘샘 약수터~학도암 마애관음보살 좌상~제명호~삼육대 정문
"강북구,도봉구",7.94Km,2시간,"진입로 1 : 석계역 지하철 1, 6호선 1번 출구<br /> 진입로 2 : 수유역 지하철 4호선 8번 출구<br /> ※교통편의 변경이 있을 수 있으니 출발전 확인 바랍니다.  ",1,우이천을 따라 난 길로 도봉구 창제동에서 노원구 월계동에 이르는 폭10~15m의 보조간선급 소로임,서울선곡초등학교 인근~롯데캐슬루나아파트 인근~번2동주민센터 인근~우이제3교 인근~창동태영데시앙아파트 인근~강북중학교 인근~우암빌라 인근
"강북구,도봉구",0.21Km,20분,진입로1 : 본원정사 버스 정류장 마을 강북02 <br />   - 수유역 지하철 4호선 3번 출구 강북 02탑승 본원정사 하차 <br />  진입로2 : 서울영어마을수유캠프국립재활원 입구 버스 정류장(09-118)  간선 151 지선 1165<br /> ※교통편의 변경이 있을 수 있으니 출발전 확인 바랍니다. ,1,강북구 수유동에서 발원하여 우이천으로 합류된 후 중랑천으로 유입되는 하천으로 산책코스로 이용,본원정사 인근~국립재활원 인근
"강북구,도봉구",0.67Km,30분,"진입로 1 : 수유역 지하철 4호선 1번 출구에서 마을버스 강북01 탑승 강북청소년수련관 버스 정류장에서 하차 <br /> 진입로 2 : 국립419묘지 버스정류장(09-197) 간선104, 지선1119 , 1126, 마을 강북01<br /> ※교통편의 변경이 있을 수 있으니 출발전 확인 바랍니다. ",1,북한산성 대동문 기슭에서 발원하여 우이천으로 흘러들어가는 개울로 동네주민들의 산책로로 이용,선일교통종점 인근~산양로 139길 인근
"강북구,도봉구",2.78Km,1시간,진입로 : 도봉역 1호선 1번 출구<br /> ※교통편의 변경이 있을 수 있으니 출발전 확인 바랍니다. ,1,도봉산에서 발원하여 도봉동에서 중랑천으로 합류하는 하천으로 다양한 행사와 공연이 펼쳐짐,무궁화제작소 인근~도봉로171길 인근~럭키아파트 인근~형진빌라 인근~도봉로177길 인근~성균관대도봉선수촌 인근
"강북구,도봉구",1.89Km,40분,진입로 1 : 방학역 지하철 1호선 3번 출구<br /> ※교통편의 변경이 있을 수 있으니 출발전 확인 바랍니다. ,1,북한산에서 흘러 내려와서 중랑천으로 합쳐지는 하천으로 산책로 코스임,벽산1차아파트 인근~제일시장 인근~정병원빌딩 인근~동아엔지니어링 인근
"강북구,도봉구",7.95km,2시간30분,"진입로 1 : 우이동도선사입구 버스 정류장(09-101) 간선버스 130 지선버스 1161 <br /> - 지하철 4호선 쌍문역 2번 출구 버스 정류장 쌍문역(10-016)에서 간선 130번 탑승 가능 <br /> - 지하철 1, 4호선 창동역 1번 출구 버스 정류장 창동역동측도봉방면(10-266)에서 지선 1161번 탑승 가능 <br /> 진입로 2 : 우이령 오봉산석굴암입구 버스 정류장(39-137) 일반 34 간선버스 704 <br /> ※교통편의 변경이 있을 수 있으니 출발전 확인 바랍니다.   ",2,"우이령 길은 서울 우이동과 경기도 양주시를 연결하는 6.8km의 소로였으나. 1968년 1.21사태 당시 무장공비 침투로로 이용된 후 안보상의 이유로 폐쇄되었다가, 결국 2009년 7월 10일에 탐방객 수를 제한하는 조건으로 우이령이 재개방되었다. 특히 우이령 구간은 맨발로 걸을 수 있도록 정비되어 자연을 마음껏 느낄 수 있다.<br /> ※ 매일 1,000명에게만 개방을 하며 사전예약을 해야 탐방이 가능하다. 입장은 무료이지만 출입시간은 오전09시부터 오후02시까지다.<br /> ※ 사전예약 홈페이지 : <a href = 'http://reservation.knps.or.kr/information/trailInfo.action?trailCd=2'>http://reservation.knps.or.kr/information/trailInfo.action?trailCd=2</a>", 방문자서비스센터~소귀고개 정상~오봉전망대~석굴암
"강북구,도봉구",2.06km,1시간,"진입로 1 : 미아역 지하철 4호선 2번 출입구 <br />    진입로 2 : 강북구민운동장.4단지 버스 정류장 마을버스 강북09, 11 <br />    진입로 3 : 번동한솔솔파크 버스 정류장(09-232) 지선버스 1124 <br />    진입로 4 : 도보진입  <br /> ※교통편의 변경이 있을 수 있으니 출발전 확인 바랍니다.   ",2," 오패산은 강북구의 미아동과 번동, 성북구의 장위동, 월곡동에 위치해 있고, 도시주거지 한복판에 있으면서도 자연상태가 잘 보존된 편이다. 일명 빡빡산(?), 매봉산 등으로도 불린다. 123m의 오패산과 115m 봉우리, 그리고 135m의 벽오산 봉우리로 이루어져 있다. 기슭에는 예부터 오얏나무가 많이 자생하여 봄이 되면 수려한 오얏나무 꽃이 만발하다.", 오동공원~꽃샘길~율곡놀이터~신망애정자
"강북구,도봉구",5.21km,2시간 30분,"진입로 1 : 신한은행방학동지점 버스 정류장(10-194) 간선버스 130 지선버스 1119, 1144, 1161 <br /> - 지하철 1, 4호선 창동역 1번 출구 창동역동측도보방면 버스 정류장(10-266)에서 지선버스 1161번 탑승 가능 <br />   진입로 2 : 도봉구민회관 버스 정류장(10-013) 일반 36, 133, 37, 118, 74, 72 간선버스 101, 106, 107, 130, 140, 141, 142, 150, 160, 108 <br /> ※교통편의 변경이 있을 수 있으니 출발전 확인 바랍니다.   ",2," 쌍문 역사 탐방길은 지나는 발자국 곳곳에 과거 우리의 역사와 문화를 떠올리게 만드는 공간이다. 1960년 형성된 판자촌에 조성한 발바닥 공원, 그리고 연산군과 정의공주의 묘, 원당샘과 천년 은행나무 등 곳곳에 숨어있는 우리의 역사와 문화를 체험할 수 있다. <br /> ※ 2013년‘G마켓, 생명의숲과 함께하는 초록숲길 만들기’사업 대상 노선으로 노선 전체에 초록숲길 안내표지판 설치  ", 발바닥공원~정자쉼터~쌍문근린공원~벚나무길
"강북구,도봉구",6.81km,3시간 30분,진입로 1 : 도봉역 지하철 1호선 1번 출입구 <br />  - 지하철 1호선 도봉역 1번 출구 맞은편 하천길을 따라 누원교 앞 버스정류장(북서울중학교)에서 마을버스 도봉08탑승 후 버스정류장(무수골)에서 하차 무수골숲길 방향으로 이동하여 진입할 수 있다 <br /> 진입로 2 : 대원그린아파트.도봉실버센터 버스 정류장 마을버스 도봉07<br /> ※교통편의 변경이 있을 수 있으니 출발전 확인 바랍니다.    ,2, 도봉역을 출발해 무수골을 걸어 원통사로 가는 길이다. 아무 근심이 없다는 뜻의 무수골에는 주말농장과 성신여대 생활예절교육관인 ‘난향관’이 있다. 이후 약간의 경사로를 따라 숲길을 걸어가면 도선 국사가 창건했다는 원통사가 오밀조밀한 자태를 뽐낸다. 이후 걷게 되는 방학능선에서는 북한산을 바라보며 걸을 수 있어 풍치가 그만이다., 방학동길 진입로~매표소~자현암~장수텃밭~장수천~쌍둥이전망대
"강북구,도봉구",2.01km,1시간,"진입로 : 도보진입<br />  - 석계역 지하철 1, 6호선 7번 출구에서 마을버스 성북14탑승 후 북서울꿈의숲 정류장에서 하차",1, 북서울 꿈의 숲은 오래전부터 오동근린공원으로 불리던 곳이다. 이 오동공원과 드림랜드가 합쳐진 ‘북서울 꿈의 숲’이란 명칭은 한강의 북쪽지역에 있는 대표공원이라는 의미와 놀이시설이었던 드림랜드가 대형녹지공원으로 재탄생된 역사성을 담고 있다.  (‘Free course' 로 자유롭게 다닐 수 있도록 조성)<br /> ※ 북서울 꿈의숲 홈페이지 : http://dreamforest.seoul.go.kr/index.jsp, 월영지~월광폭포~창포원~전망대
"강북구,도봉구",4.71km,2시간,진입로 1 : 해모로아파트 버스 정류장 마을 강북05<br />  - 지하철 4호선 미아삼거리역 2번 출구 맞은편에서 강북05 탑승<br /> 진입로 2 : 도보진입 <br /> ※교통편의 변경이 있을 수 있으니 출발전 확인 바랍니다.   ,2," 북서울꿈의 숲은 오래전부터 오동근린공원으로 불리던 곳이다. 오동공원은 오패산(123m)과 벽오산(135m)이라는 두 봉우리로 이루어졌는데 오패산은 예부터 오얏나무가 많이 자라 집집마다 울타리로 삼을 정도였다고 전해지며, 벽오산은 이 곳에 오헌이란 고개이름에서 유래된 것으로, 조선시대 철종임금의 비 철인왕후가 손자 김석진에게 벽오산이란 글씨를 하사하여 붙어진 이름이라고 한다. 이 오동공원과 드림랜드가 합쳐진 ‘북서울꿈의 숲’이란 명칭은 한강의 북쪽지역에 있는 대표공원이라는 의미와 놀이시설이었던 드림랜드가 대형녹지공원으로 재탄생된 역사성을 담고 있다.<br /> ※ 북서울 꿈의숲 홈페이지 : http://dreamforest.seoul.go.kr/index.jsp", 경북문화정보센터~삼각산전망대~생태이동로~단풍숲
성북구,3.62Km,1시간,"진입로 1 : 신설동역 지하철 1, 2호선 4번 출구<br /> 진입로 2 : 한성대입구역 지하철 4호선 2번 출구<br />  ※교통편의 변경이 있을 수 있으니 출발전 확인 바랍니다. ",1,서울의 북악산의 동쪽에서 발원하여 남쪽으로 흘러 동대문구 신설동에서 청계천과 합류,안암동주민센터 인근~우진 밧데리 인근~성북교통정보센터 인근~동소문로2길 인근
성북구,2.23km,1시간,진입로 1 : 상월곡역 지하철 6호선 4번 출입구 <br />    진입로 2 : 도보진입 <br /> ※교통편의 변경이 있을 수 있으니 출발전 확인 바랍니다.   ,1, 청량공원은 문화적 가치가 높은 사적 204호인 조선 왕릉인 의릉과 도심에서는 보기 드문 울창한 자연림을 볼 수 있는 길이다., 청량근린공원 전망대
성북구,2.23km,1시간30분,진입로 1 : 산장빌라 버스 정류장(08-357) 지선버스 1162 <br /> - 지하철 4호선 성신여대입구역 6번 출구 성신여대입구 버스 정류장(08-270)에서 지선버스 1162번 탑승 가능 <br /> ※교통편의 변경이 있을 수 있으니 출발전 확인 바랍니다.   ,1," 한성대입구역에서 북악스카이웨이를 넘어가는 이 길은 태조 이성계의 계비인 신덕왕후 강씨를 모신 정릉으로 가는 길이다. 신덕왕후 강씨에 대한 미움이 대단했던 태종이 후에 옮겨 온 능이지만 능 주변으로는 걷기 좋은 산책로가 옹골차게 뿌려져 있다. 산책로 곳곳엔 시원한 약수터와 물이 졸졸 흐르는 작은 계곡도 있다. 성북 구민회관부터 북악스카이웨이 입구까지는 메타세콰이어나무가 시원한 그늘을 드리우고 있다. <br />※숨겨진 보물 같은 정릉숲길에 들어서면 울창한 참나무와 소나무가 우거져 주택가 안쪽에 있는 길이라고는 믿기지 않을 만큼 도시의 소음은 어느새 멀어지고 새소리 물소리에 청량감이 전해져 온다. 잘 조성된 정릉 내 산책로는 작은 계곡과 약수터를 자주 만날 수 있으며, 어린아이뿐만 아니라 누구나 편안하게 걸을 수 있어 가을에 가족들이 가볍게 걷기에 적합하다.<br />  <font color='red'>※휴관일(월요일), 관람요금, 관람시간, 매표시간 등을 문화재청 정릉 홈페이지에서 확인하실 수 있습니다.</font><br />   ※홈페이지 : http://seoul.cha.go.kr<br /> ※문의전화 : 02-914-5133", 정릉 매표소~홍살문~정자각~비각~정릉
성북구,2.02km,1시간,진입로 1 : 상월곡역 지하철 6호선 1번 출입구 <br /> - 1번 출구 반대방향으로 우남아파트와 월곡중학교 사이길을 통해 월곡초등학교쪽으로 이동하여 오동공원 진입<br />   진입로 2 : 도보진입 <br /> ※교통편의 변경이 있을 수 있으니 출발전 확인 바랍니다.   ,1," 1987년 4월 27일 시민근린공원으로 지정되었다. 서울 강북구 번동?미아동 등의 5개 동과 성북구 월곡동에 걸쳐 있는 대단위공원으로 면적이 138만 2,260㎡에 이른다. 공원에 오르면 북한산?도봉산?수락산?불암산이 병풍처럼 둘러쳐 있고 배드민턴장?운동장?체력단련시설?산책로?잔디밭 등과 함께 울창한 숲이 조성되어 있다. 특히 ‘꽃샘길’로 불리는 길이 400m 구간은 한 시민이 정성을 다해 꽃과 나무를 가꾸는 것으로 유명하다. 공원 산자락에는 북서울 꿈의 숲이 조성되어 있다. ",오동공원
성북구,2.49km,1시간30분,"진입로 1 : 도보진입<br />  - 지하철 4호선 길음역 7번 출구 마을버스 성북08, 09탑승 후 대우APT211동앞에서 하차 길음초등학교 뒤쪽으로 이동    ",1," 길음초등학교 뒤편에서 시작되는 이 숲길은 서경대학교 뒤편을 지나면 성북생태체험관이 나온다. 생태체험관에서는 요일별로 다양한 생태프로그램을 운영하고 있으며 자연학습체험장이 함께 있다. 북한산 칼바위를 향한 북한산 자락길에 접어들면 울창한 잣나무 숲과 계류, 구릉지의 자연부락과 서울도심을 한눈에 감상할 수 있는 숲길이다.", 서경대뒷길~정릉풍림상가~서경대평생교육원
성북구,2.20km,1시간30분,"진입로 1 : 길음역 지하철 4호선 2번 출구 <br /> 진입로 2 : 통일교회 버스 정류장 마을 성북15, 21 <br /> 진입로 3 : 도보진입 <br /> 진입로 4 : 고려대아이스링크 버스 정류장 마을 성북20 <br /> 진입로 5 : 도보진입 <br />  진입로 6 : 고려대역 지하철 6호선 1번 출구 <br /> ※교통편의 변경이 있을 수 있으니 출발전 확인 바랍니다.       ",1," 대도시에서 “녹색허파”로서의 역할과 수도권 주민들의 자연휴식처로 크게 애용되고 있다. 개운산은 성북구 안암동에 있는 산으로서 안암산, 진석산(陳石山)이라고도 한다. 노선 주변에는 태조 5년(1396) 왕사 무학이 창건한 개운사가 있어 산의 이름이 되었다. 산 중턱 이상까지 도로가 놓여져 접근하기 쉬우며 산을 한 바퀴 빙 둘러볼 수도 있고, 이 코스처럼 중턱 숲길을 따라 걷다 고려대 캠퍼스의 고풍스러운 건물을 감상하는 길로 연결해 볼 수도 있다. 개운산은 정상과 중턱 오솔길 모두 성북구에서 공을 들여 가꾼 흔적이 역력하다. 또 정상 조망대에서는 그리 높지 않은 곳임에도 시원한 도심 전망을 만끽할 수 있다.", 개운초등학교~성북구의회~고려대 북문
종로구,3.54km,1시간 30분,진입로 1 : 경복궁역 지하철 3호선 1번 출입구 <br />    진입로 2 : 도보진입(통일로 18나길)  <br /> ※교통편의 변경이 있을 수 있으니 출발전 확인 바랍니다.   ,2," 단군성전과 소공원 길을 거쳐 성 외곽 길을 걷다보면 초입부터 바위틈에 자라는 소나무와 바위가 잘 어우러져 다양한 형상의 기암괴석을 만나게 된다. 돼지바위에서 조망은 독립문과 서대문형무소역사박물관, 독립공원 전체를 한눈에 볼 수 있다. 이른 봄 무악공원 주변에는 천상화원으로 개나리군락과 산수유 꽃의 노랑물결로 환상적인 분위기를 느낄 수 있다. ", 단군성전~인왕스카이웨이 산책로~만수천약수터~범바위기점
종로구,8.12km,2시간,"진입로 1 : 종로3가역 지하철 1, 3, 5호선 1번 출입구 <br />    진입로 2 : 경복궁역 지하철 3호선 5번 출입구 <br />    진입로 3 : 안국역 지하철 3호선 2번 출입구 <br /> ※교통편의 변경이 있을 수 있으니 출발전 확인 바랍니다.           ",2,서울 도심에서 맛볼 수 있는 역사와 문화가 고르게 어우러진 코스이다. 경복궁 내부의 여러 전각을 둘러보고 고풍스런 담장길을 따라 걷다 푸른 기와가 상징처럼 알려진 청와대의 앞길을 걸어 삼청동 카페길에 다다른다. 이후 서울성곽까지도 갈 수 있는 삼청공원을 산책한 후 서울에서 가장 한옥이 잘 보존되어 있다는 북촌한옥마을의 고즈넉한 길을 밟는다. 서울 도심에 이런 역사와 문화가 깃든 길이 있다는 것이 내내 감사할 따름이다., 인사동 네거리~경복궁매표소~청와대분수앞~북촌한옥마을길
성북구,4.16km,2시간,진입로 1 : 한성대입구역 지하철 4호선 5번 출입구 <br /> ※교통편의 변경이 있을 수 있으니 출발전 확인 바랍니다.   ,2," 600년 도성의 성곽을 사이에 두고 오랜 세월을 견디어낸 성북동 고택과 북촌한옥마을의 고색창연한 길이다. 이 조선 역사의 길에는 법정 스님의 맑은 향이 영원히 가시지 않을 것 같은 길상사를 비롯해 만해 한용운 선생이 말년을 보낸 심우장, 시민기금으로 매입하여 보존하고 있는 최순우 옛집 등이 지나는 나그네들을 따스한 손길로 맞아들인다. 지금의 서울을 그윽하게 조망하게 하여 온고지신의 의미를 되새기는 시간을 만든다. <br /> ※옛 보물지도를 따라 걷는듯한 길이다. 성북동의 소박한 옛길은 걷는 이들에게 따스함과 맑고 향기로움을 온 몸 가득 느낄 수 있게 해주는 괜찮은 가을 소풍코스이다.", 길상사~심우장~수연산방
"성북구,종로구",2.79km,2시간,진입로 1 : 한성대입구역 지하철 4호선 5번 출입구<br /> ※교통편의 변경이 있을 수 있으니 출발전 확인 바랍니다.   ,2," 서울의 비무장지대라고 불릴 정도로 잘 보존된 숲 사이로 뻗은 산책로를 통해 42년간 금단의 땅이었던 북악산을 만끽할 수 있는 코스이다.<br /> ※창의문 ? 숙정문 ? 말바위 안내소 입장 시 반드시 신분증을 지참해야 한다. <br />  * 어른 : 주민등록증, 운전면허증, 국가유공자증, 공무원증, 여권, 국제운전면허증<br /> * 미성년자 : 보호자 동반하에 입산 가능<br />  * 문의 : 한국문화재보호재단 02-730-9924 ",한성대입구역 5번 출입구~호경암~숙정문~말바위 안내소~삼청공원
종로구,6.96km,2시간30분,진입로 1 : 한성대입구역 지하철 4호선 6번 출입구 <br />    진입로 2 : 한신113동앞 버스 정류장 마을버스 성북01<br />    진입로 3 : 구민회관201동앞 버스 정류장 마을버스 성북01<br /> - 한성대입구역 6번 출구 삼선교.성북문화원 버스 정류장에서 성북01탑승<br /> ※교통편의 변경이 있을 수 있으니 출발전 확인 바랍니다.           ,2,"성북동 산에 번지가 새로 생기면서 / 본래 살던 성북동 비둘기만이 번지가 없어졌다… 김광섭 시인이 성북동 비둘기를 쓴 것이 지난 1968년. 북악스카이웨이가 개통되던 해이다. 비둘기로 상징되는 자연을 깎아서 만든 길, 북악스카이웨이는 자동차만 달렸을 뿐, 사람이 다닐 수 있는 길은 보안상의 이유로 수십 년간 출입이 금지되었다. 그러던 이 길이 2007년 개방됨으로써 산책 명소가 태어나게 되었다.", 북악스카이웨이 2교~북악팔각정~다모정~하늘한마당~한성대입구역
종로구,4.31km,3시간,"진입로 1 : 부암동주민센터 버스 정류장(01-139) 지선버스 1020,7022,7212 <br /> - 경복궁역 지하철 3호선 3번 출구에서 약 150m이동 경복궁역 버스정류장(01-116)에서 탑승가능 <br />  ※교통편의 변경이 있을 수 있으니 출발전 확인 바랍니다.  ",2," 창의문에서 시작하여 산행 후 창의문으로 되돌아오는 산행의 강, 약이 혼재하는 원점회귀 코스다. 좁은 골목길로 안평대군 별장, 현진건 집터를 살펴본 후 인왕산 서북능선을 향해 걷다보면 기차바위 정상에 이른다. 기차바위에서는 폭1.5m 길이50m의 구간을 마치 기차 등을 탄 것 같은 기분으로 통과하게 된다. 복원된 성곽길로 만수천 약수터와 새로 단장한 1.8km의 목재 데크 계단, 버드나무체육시설을 가로지르면 청운공원과 목적지인 창의문에 이르게 된다.", 부암동 주민센터~기차바위~만수천약수터~해맞이동산~청운공원
종로구,3.06km,2시간,"진입로 1 : 도보진입 <br /> 진입로 2 : 세검정 상명대 버스 정류장(01-143) 간선버스 110A, 153 지선버스 1020, 7730  <br /> 진입로 3 : 자하문고개 윤동주시인의언덕 버스 정류장(01-107) 지선버스 7212, 1020, 7022 <br /> - 경복궁역 지하철 3호선 3번 출구에서 약 150m이동 경복궁역 버스정류장(01-116)에서 탑승가능 <br /> ※교통편의 변경이 있을 수 있으니 출발전 확인 바랍니다.",2," 돈, 시간, 거리 때문에 여행을 못하시는 분들은 도심 속의 숨은 보석지를 교통카드 한 장을 지참하여 산행할 수 있는 곳이 백사실 두메길이다. 경치가 아주 뛰어난 곳에 붙이는 곳으로 백석동천 이곳을 말한다. 조선 세도가의 별장이 있었던 연못과 버들치 및 원앙, 무당개구리가 서식하는 생태경관보전지역으로 생태탐방의 기회를 얻을 수 있는 곳이다. ", 현통사~백사실계곡~북악산스카이웨이2교~북악산길 산책로
종로구,8.60km,3시간30분,"진입로 1 : 도보진입  <br />    진입로 2 : 경복궁역 지하철 3호선 5번 출입구 <br />   진입로 3 : 종로4가종묘 버스 정류장(01-195) 간선버스 201,260,262,270,271,370,720,721,N10,N26 <br /> ※교통편의 변경이 있을 수 있으니 출발전 확인 바랍니다.            ",2," 서울의 대표적인 궁궐 세 곳과 종묘를 걷는 코스다. 조선의 정궁인 경복궁에서 시작해 조선궁궐의 원형이 잘 보존된 창덕궁과 그 후원인 비원을 거쳐 창경궁을 거닌 후, 역대 왕과 왕비들의 신위를 모신 종묘에서 걷기를 마무리한다. 걷는 거리는 10㎞가 채 안되지만 아름다운 전각과 연못들을 감상하다보면 걷는 시간은 생각 이상으로 오래 걸릴 수밖에 없다. <br />    ※ 관람 시간(매주 화요일 휴무)       1~2월(09:00~17:00), 3~5월(09:00~18:00), 6~8월(09:00~18:30),        9~10월(09:00~18:00), 11~12월(09:00~17:00)   <br /> ※ 관람요금 - 4대궁 및 종묘 통합관람권(10,000원, 구입일로부터 1개월 사용)", 경복궁~국립민속박물관~종로문화원~창덕궁~창경궁~종묘
은평구,2.76km,1시간,진입로 1 : 구파발역 지하철 3호선 1번 출입구 <br />    진입로 2 : 도보진입(우물골 두산위브 7단지) <br />  진입로 3 : 도보진입(서울둘레길 연계) <br /> ※교통편의 변경이 있을 수 있으니 출발전 확인 바랍니다.   ,1, 귀모양을 닮았다 하여 붙여진 이(耳)말산에 위치한 진관공원은 진행 중인 은평뉴타운 내 주민들의 산책로로 이용되고 있는 진관공원은 은평뉴타운 및 북한산의 파노라믹한 우수한 경관이 한눈에 들어와 뉴타운사업 완료시 이용객의 수요 증가를 예상할 수 있다., 구파발역 1번 출입구~진관공원 전파기지국~진관초 방향 내리막길~정자
은평구,4.39km,2시간,"진입로 1 : 시계입구가게앞검문소 버스 정류장(19-442) 간선버스 702A서오릉, 702B용두초교, 광역버스 9701(서오릉 입구 버스 정류장(19-547)에서 바로 진입할 수 있다) <br /> - 지하철 6호선 응암역 2번 출구로 나와 반대방향 우측으로 약 40m 이동 응암역신사오거리 버스 정류장(12-130)에서 702번 탑승 가능 <br /> - 지하철 6호선 구산역 4번 출구로 나와 반대방향 우측으로 약 250m 이동 역촌중앙시장 버스 정류장(12-141)에서 광역버스 9701번 탑승 가능 <br />  진입로 2 : 구산역 지하철 6호선 3번 출입구  <br /> ※교통편의 변경이 있을 수 있으니 출발전 확인 바랍니다.",2," 서오릉은 사적 제198호로 5릉은 경릉(敬陵)?창릉(昌陵)?익릉(翼陵)?명릉(明陵)?홍릉(弘陵)을 일컫는다. 1457년(세조 3) 세자 장(璋：뒤에 덕종으로 추존됨)이 죽자 이곳에 안장(경릉)한 이래 1470년(성종 1) 덕종의 아우인 예종과 그 계비인 안순왕후 한씨의 창릉, 1681년(숙종 7) 숙종의 비인 인경왕후 김씨의 익릉, 1721년(경종 1) 숙종과 그 계비인 인현왕후 민씨와 제2계비인 인원왕후 김씨의 명릉, 1757년(영조 33) 영조의 비인 정성왕후 서씨의 홍릉이 들어서 능의 무리를 이루었다. 그밖에 이곳에는 명종의 큰아들인 순회세자의 순창원(順昌園)이 경내에 있으며, 1970년에 숙종의 후궁인 희빈 장씨의 대빈묘(大嬪墓)가 이곳으로 이장되었다.<br />  <font color='red'>※휴관일(월요일), 관람요금, 관람시간, 매표시간 등을 문화재청 서오릉 홈페이지에서 확인하실 수 있습니다.</font><br />   ※홈페이지 : http://goyang.cha.go.kr<br /> ※문의전화 : 02-359-0090", 수경원~익릉~창릉~홍릉~경릉~순창원
서대문구,13.04km,4시간,"진입로 1 : 홍제역 지하철 3호선 1번 출입구 <br />    진입로 2 : 도보접근 <br />    진입로 3 : 녹번역 지하철 3호선 1번 출입구 <br />    진입로 4 : 상명대후문 버스정류장(01-584) 마을버스 종로13 <br /> 진입로 5 : 상명대입구 버스정류장(01-287)지선버스 7212, 1020, 1711, 7022 <br /> ※교통편의 변경이 있을 수 있으니 출발전 확인 바랍니다.   ",3," 이 길은 조선시대에 축조된 탕춘대성 성곽을 따라 걷는 홍제동 산책로다. 북한산의 지맥을 이어받아서일까. 탕춘대성 오솔길은 높지 않으면서도 장쾌한 조망을 선사한다. 홍제동에서는 홍지문, 오간수문과 고려시대의 석불인 보도각 백불을 볼 수 있다. 이중 숙종 45년에 세워진 홍지문의 편액은 숙종의 친필로 홍지문은 한성의 북쪽에 있는 문이어서 한북문이라고도 불렸다. 탕춘대성을 서울성과 혼동하는 경우가 있지만 탕춘대성은 서울성과 북한산성을 잇는 성곽을 말한다.  <br />  <div class='table_css'> <table border='1'> <caption>※ 세부코스</caption> 	<tr> 		  <th colspan='2'>세부코스</th> 		  <th>거리(km)</th> 		  <th>소요시간</th> 		  <th>비고</th> 	  </tr> 	<tr> 		<td rowspan='3'>탕춘대성길</td> 	</tr> 	<tr> 		  <td>1</td> 		  <td>6.7</td> 		  <td>2시간</td> 		  <td>홍은동 교차로(홍제역)~탕춘대성문~홍은동 교차로(홍제역)</td> 	</tr> 	<tr> 	 	  <td>2</td> 		  <td>6.9</td> 		  <td>2시간</td> 		  <td>홍은동 교차로(홍제역)~기차바위~상명대입구</td> 	</tr>   	 </table> </div>", 인왕산~개미마을~탕춘대성문~상명대~현통사~백사실계곡
서대문구,2.23km,3시간,"진입로 1 : 서대문구청 서대문보건소 버스 정류장(13-156) 간선버스 110A,153 지선버스 7017,7713,7720,7738,8774 <br /> ※서대문구청 뒤편으로 이동하여 진입할 수 있다<br /> - 지하철 3호선 홍제역 3번 출구 홍제역 버스 정류장(13-125)에서 지선버스 7713, 7738탑승 가능<br />   진입로 2 : 무악재역 지하철 3호선 3번 출입구  <br /> ※교통편의 변경이 있을 수 있으니 출발전 확인 바랍니다. <br />   ",1," 안산은 해발 296m로 동봉과 서봉의 두 봉우리로 이루어져, 산의 모양이 마치 말의 안장 즉 길마와 같이 생겨 붙여진 이름으로, 인왕산에서 서쪽으로 비스듬히 뻗어 무악재를 이루고 있는 산이다.<br />  ※2014년 ‘G마켓, 생명의숲이 함께하는 초록숲길 만들기'사업 대상으로 노선 전체에 초록숲길 안내표지판 설치 ", 메타세콰이어 숲~방크스소나무 숲~단풍나무길~벚나무 길~무학정
서대문구,5.09km,3시간,진입로 1 : 홍은동 동부센트레빌 버스 정류장(13-122) 일반 567 지선버스 7720<br /> 진입로 2 : 백련사 버스 정류장 마을버스 서대문10 <br />  - 지하철 3호선 홍제역 3번 출구에서 탑승 가능<br /> 진입로 3 : 팔각정 버스 정류장 마을버스 서대문10 <br />  - 지하철 3호선 홍제역 3번 출구에서 탑승 가능<br /> ※교통편의 변경이 있을 수 있으니 출발전 확인 바랍니다.   ,2," 숲 속에 들어앉아선 숲을 바라볼 수 없다. 같은 이치로 북한산(836m)을 품에 안으려면 백련산(215m)에 올라야 한다. 백련산은 북한산 반의 반 높이에서도 그 장대함을 한 눈에 담아낼 뿐만 아니라 유순한 산길을 따라 한달음에 능선길이 도달하고 두 걸음에 북한산 조망점에 닿는다.<br /> ※2014년 ‘G마켓, 생명의숲이 함께하는 초록숲길 만들기'사업 대상으로 노선 전체에 초록숲길 안내표지판 설치  ", 소공원~은평정
서대문구,3.80km,2시간,진입로 1 : 독립문역 지하철 3호선 4번 출입구 <br /> ※교통편의 변경이 있을 수 있으니 출발전 확인 바랍니다.     ,2," 옛 서울의 서쪽 관문인 독립문사거리 옆, 독립공원엔 일제강점기 아픈 역사의 흔적을 고스란히 재현해 놓은 서대문 형무소가 있고, 그 뒤로는 안산의 한적한 숲길과 산책로가 조성된 코스이다. 낮지만 웅장한 안산, 그 안산이 내어준 도시자연공원의 한적한 숲길과 독립공원을 한데 엮은 서대문 산책은 발로만 느끼기에는 보고 생각할 일이 너무도 많다.", 서대문 독립공원~안산조망대~안산초화원 포장 산책로
마포구,13.07Km,4시간,진입로 1 : 월드컵경기장 지하철 6호선 1번 출구<br /> 진입로 2 : 마포역 지하철 5호선 4번 출구<br /> 진입로 3 : 난지한강공원 버스 정류장(13-331) 광역버스 9707<br /> ※교통편의 변경이 있을 수 있으니 출발전 확인 바랍니다. ,1,난지한강공원과 한강시민공원 망원지구를 가로지르는 걷기 좋은 한강 코스. <br /> <div class='table_css'> <table border='1'> <caption>※ 세부코스</caption> 	<tr> 		  <th colspan='2'>세부코스</th> 		  <th>거리(km)</th> 		  <th>소요시간</th> 		  <th>비고</th> 	  </tr> 	<tr> 		<td rowspan='3'>마포한강길</td> 	</tr> 	<tr> 		  <td>1</td> 		  <td>6.76</td> 		  <td>2시간 10분</td> 		  <td>난지물재생센터 인근~월드컵경기장역</td> 	</tr> 	<tr> 	 	  <td>2</td> 		  <td>6.31</td> 		  <td>1시간 50분</td> 		  <td>상암선착장 인근(월드컵경기장역)~마포대교 인근(마포역)</td> 	</tr> 	 </table> </div>,난지물재생센터 인근~한강수변 인근~패쇄형늪지 인근~난지한강공원 인근~상암선착장 인근~망원초록길 인근~한강시민공원망원지구 인근~강변북로 인근~서강대교 강변북로 인근~마포대교 인근
"마포구,서대문구",7.81Km,2시간,진입로 1 : 홍제역 지하철 3호선 4번 출구<br /> 진입로 2 : 가좌역 지하철 경의선 1번 출구<br /> 진입로 3 : 마포구청역 지하철 6호선 7번 출구<br /> ※교통편의 변경이 있을 수 있으니 출발전 확인 바랍니다. ,1,도심에서 만난 홍제천이 한강에 닿을 때 까지 함께 걷는 길,옥천암 인근~포방교 인근~홍제사거리 인근~폭포마당 인근~홍연2교 인근~궁동공원 인근~서울중동초등학교 인근~마포구청 인근~망원유수지체육공원 인근
마포구,4.43Km,2시간,진입로 1 : 응암역 지하철 6호선 4번 출구<br /> 진입로 2 : 마포구청역 지하철 6호선 1번 출구<br />  ※교통편의 변경이 있을 수 있으니 출발전 확인 바랍니다. ,1,도심에서 만난 불광천이 한강에 닿을 때까지 함께 걷는 길,응암역 인근~세절역 인근~중산역 인근~디지털미디어시티역 인근~월드컵경기장역 인근~마포구청역 인근
마포구,3.12km,2시간,"진입로 1 : 광흥창역 지하철 6호선 1번 출입구 <br />    진입로 2 : 홍대입구역 지하철 2호선, 공항철도 7번 출입구 <br />    진입로 3 : 홍대입구역 지하철 2호선, 공항철도 9번 출입구 <br />    진입로 4 : 상수역 지하철 6호선 2번 출입구 <br />  ※교통편의 변경이 있을 수 있으니 출발전 확인 바랍니다.   ",2," 광흥창역에서 시작하는 이 길은 자연과 젊음을 동시에 만끽할 수 있는 길이다. 시작부터 마포의 역사가 서린 공민왕 사당을 만난 후 와우산 산책을 하고, 지칠 때 즈음 와우산 약수터에서 시원한 물 한 잔을 할 수 있다. 산에서 내려오면 홍대 어린이공원, 걷고 싶은 거리, 피카소 거리 등 신선하고 충격적인 문화 속 산책을 하게 된다.", 공민왕 사당~와우공원~근현대디자인박물관~홍대걷고싶은길
마포구,19.29km,4시간30분,진입로 1 : 월드컵경기장역 지하철 6호선 3번 출입구 <br />    진입로 2 : 월드컵경기장역 지하철 6호선 2번 출입구 <br />  ※교통편의 변경이 있을 수 있으니 출발전 확인 바랍니다.   ,3,"2002 월드컵 함성이 그리운 월드컵공원 주변에는 뜻밖의 볼거리들이 많다. 크게 알려지지 않은 매봉산에서부터 이제는 서울의 명소가 된 하늘공원과 메타세콰이어 산책로까지 멋진 길이 이어진다. 짧지 않은 거리지만 구간이 바뀔 때마다 새로운 풍광이 펼쳐져 지루하지 않고, 구간 구간마다 회귀로가 열려 있어 체력에 따른 거리조절도 얼마든지 가능하다.<br />※평지나 다름없는 공원들은 초보자들도 쉽게 걸을 수 있다. 난지천의 생태공원, 하늘과 가장 가깝다는 하늘공원 등 다양한 테마의 공원들은 특색 있는 볼거리와 산책길을 제공한다. 가을 노을이 가장 아픔답다는 노을 공원은 해질 무렵 연인들의 데이트 코스와 노을 촬영지로도 유명한 코스이다.",매봉산입구~난지천공원~노을공원~메타세콰이어길~하늘공원~평화의공원
서대문구,6.14km,2시간30분,진입로 1 : 대흥역 지하철 6호선 1번 출입구 <br />    진입로 2 : 신촌역 지하철 2호선 3번 출입구 <br /> ※교통편의 변경이 있을 수 있으니 출발전 확인 바랍니다. ,2,"신촌은 대학촌이다. 대학은 학문의 광장이지만 넓고 활기찬 캠퍼스는 도시민들의 공원역할도 마다 않는다. 상록의 물결이 가득한 신촌의 3개 대학, 서강대-이화여대-연세대캠퍼스 산책로를 연결하면 색다른 걷기 코스가 된다. 세 대학은 각기 다른 개성과 분위기를 풍겨 걷는 재미 또한 독특하다. 차분한 서강대에서 활기 넘치는 이화여대로, 그리고 호젓한 연세대의 숲길을 걸어 신촌으로 돌아 나오는 코스는 가족 나들이나 연인들의 데이트 코스로도 안성맞춤이다.",서강대정문~노고산~이대정문~연세대동문
마포구,4.62km,2시간,"진입로 1 : 디지털미디어시티역 지하철 경의선, 공항철도, 6호선 2번 출구 <br />    진입로 2 : 월드컵경기장역 지하철 6호선 3번 출구 <br /> ※교통편의 변경이 있을 수 있으니 출발전 확인 바랍니다.    ",2," 이길은 자연과 인간이 함께 하는 길이다. 봄 개나리부터 가을 구절초까지 계절별로 꽃을 피우는 불광천을 지나 월드컵경기장 앞에 서면 규모에 한번, 응원함성 소리에 한번, 두 번 놀라게 된다. 경기장 뒤 매봉산 내 풀무골에서 지명의 유래와 복원된 대장간을 보고 인근 조망점에서 조망겸 잠시 쉬었다가 상암근린공원(상암산)으로 가게 된다. 상암근린공원에는 근래 서울시 보호종인 두꺼비의 이동이 관찰되고 있으며 5월말?6월초 흐린날 운좋으면 두꺼비가 상암산으로 이동하는 모습도 볼 수 있다. 젊음이 어우러진, 발전하는 마포의 모습을 상징적으로 보여주는 상암DMC에서 각기 개성을 뽐내고 있는 특색있는 건축물과 분주히 오가는 사람들의 모습에서 발전하는 대한민국의 모습도 발견할 수 있으며, 목이 마르면 길 중간중간에 위치한 카페(향기카페, 허브북카페)에 들러 차한잔 마시는 즐거움도 누릴수 있는, 또다시 가보고 싶은 재미있는 길이다.", 상암DMC~상암근린공원~매봉산근린공원
강서구,9.35Km,2시간30분,"진입로 1 : 개화동 버스 정류장(16-998) 버스 69, 66 대두둑천(대장동수로)으로 이동<br />  진입로 2 : 대장동종점 버스 정류장(13-058) 버스 12-1<br /> 진입로 3 : 화혜단지 버스 정류장(16-981) 직행 1001 굴포천으로 이동<br /> 진입로 4 : 개화역 지하철 9호선 1번 출구 개화축구장 방향으로 대두둑천(대장동수로)으로 이동 <br /> ※교통편의 변경이 있을 수 있으니 출발전 확인 바랍니다. ",1,"인근에 김포공항이 자리하고 있으며, 굴포천과 인접한 대두둑천(대장동수로)도 걸을 수 있다. 주변 부지는 논, 밭으로 사용되고 있다.",개화동버스정류장 인근~굴포천하류 인근~김포공항 인근~굴포천상류 인근~덕산초등학교대장분교장 인근
강서구,8.91Km,3시간,진입로 1 : 방화역 지하철 5호선 2번 출구 강서07 탑승 강서습지생태공원 하차<br /> 진입로 2 : 양천향교역 지하철 9호선 2번 출구<br /> 진입로 3 : 가양역 지하철 9호선 4번 출구<br />    ※교통편의 변경이 있을 수 있으니 출발전 확인 바랍니다. ,1,"공원조성이 잘되있고, 인근 주거지역이 많아 주민들이 산책하는 길로 많이 이용한다",전호리마을회관 인근~서울도시철도공사방화차량기지 인근~강서습지생태공원 인근~축구장 인근~양천향교 인근~가양역 인근~염창동동아아파트 인근
강서구,2.51km,1시간 50분,진입로 1 : 우장산역 지하철 5호선 1번 출입구 <br /> ※교통편의 변경이 있을 수 있으니 출발전 확인 바랍니다.,1," 우장산공원의 두 봉우리 중 새마을탑이 서 있는 북동쪽을 검두산, 서남쪽의 폴리텍대학이 있는 산을 원당산이라고 부르며, 이 두 곳을 합쳐 우장산이라고 부른다. 이 이름의 유래는 옛날 가뭄이 들었을 때 양천 현감이 이곳에서 기우제를 올린 것에서 유래한다. 공원 외곽으로는 남산순환산책로를 연상시키는 포장산책로가 잘 나 있으며, 봉우리 부근으로는 숲 속으로 난 흙길 산책로가 거미줄처럼 뻗었다.", 우장상공원 출입구~우장산생태육교~한국폴리텍대학앞
강서구,2.61km,1시간30분,"진입로 1 : 미주아파트 버스 정류장(16-471) 마을버스 강서03 <br /> 진입로 2~12 : 도보진입 <br /> 진입로 13 : 까치산역 지하철 2, 5호선 1번 출입구 <br /> 진입로 14 : 등촌역 지하철 9호선 8번 출입구 <br /> ※교통편의 변경이 있을 수 있으니 출발전 확인 바랍니다.",1," 능선을 따라 걷기 좋은 숲길이 뻗은 봉제산은 산을 위에서 내려다보면 마치 봉황새가 알을 품고 있는 형국이라는 것에서 이름을 얻었다. 산 정상인 매봉은 백제시절에 봉화터였던 까닭에 아직도 봉화터, 봉수대라는 호칭을 사용한다. 해발 117m에 약 1만㎡인 봉제산은 산을 빙 둘러싸고 주택가가 형성되어 있어 찾는 이들도 많고, 진입도 어느 쪽에서나 가능하다. 주능선과 가지능선으로 걷기 편한 산책로가 뻗었으며, 각 능선의 중턱으로도 실핏줄 같은 숲길이 자글자글하다.", 담소터~봉제산배드민턴장~등서초등학교운동장~등촌중학교후문길
강서구,7.74km,2시간40분,진입로 1 : 개화산역 지하철 5호선 2번 출구 <br />      진입로 2 ~ 5 : 도보접근 <br /> ※교통편의 변경이 있을 수 있으니 출발전 확인 바랍니다.      ,2, 개화산에서 시작하는 이 길은 오솔길과 여러 공원들이 각기 특별한 매력을 발산하며 독특한 재미를 안긴다., 하늘길 전망대~개화산 호국충혼비~약사사
강서구,2.51km,1시간30분,진입로 1 : 양천향교역 지하철 9호선 2번 출입구<br /> ※교통편의 변경이 있을 수 있으니 출발전 확인 바랍니다.,1, 강서구의 명소들을 차례로 들르며 걷게 되는 코스 가장 먼저 서울 유일의 향교인 양천향교를 지난다., 양천향교~겸재정선기념관~구암공원~허준박물관
구로구,6.90km,3시간,"진입로 1 ~ 3 : 도보진입 <br />      진입로 2 : 신정이펜하우스1단지 버스 정류장 마을버스 양천03 <br />      진입로 3 : 동부골든아파트 후문 버스 정류장 마을버스 구로08 <br />    진입로 4 : 온수역 지하철 1, 7호선 6번 출입구  <br />  ※교통편의 변경이 있을 수 있으니 출발전 확인 바랍니다.",2,위성사진을 통해 본 지양산 일대는 서울 남서쪽에 동동 떠 있는 커다란 섬이다. 삭막한 도시 속의 오아시스 같은 지양산은 낮고도 넓게 뻗어 수많은 오솔길을 품었다. 많은 산보객들이 발끝으로 반질반질하게 닦아 놓은 청정 숲길은 인근의 매봉산과 원미산으로까지 영토를 넓혔다. 그래서 그 깊은 속살을 다 들여다보려면 몇날 며칠이 필요할 지 가늠하기 어렵다.,지양산 숲길~차돌바위~궁동터널 위 지양산 숲길 시작
구로구,1.50km,1시간,진입로 1 : 오류동역 지하철 1호선 1번 출구 <br />      진입로 2 : 개봉한진아파트 버스정류장(17-477) 마을버스 구로03 <br />    진입로 3 : 한진아파트 후문 버스정류장(17-749) 마을버스 구로04 <br />   ※교통편의 변경이 있을 수 있으니 출발전 확인 바랍니다.                 ,1," 개웅산은 능선이 세 방향으로 뻗어 내려 삼각형 모양을 이루고 있는 산으로서 산 전체가 단풍나무, 아까시나무, 소나무, 참나무 등 다양한 식생이 잘 보존된 전형적인 자연상태의 공원이다, 연간 10만여 명의 시민들이 이용하고 있으며, 등산로 주변에 약수터와 의자 등 휴게시설이 설치되어 시민들로부터 좋은 반응을 얻고 있다.", 배드민턴장~야생화단지~숲속길
"구로구,양천구",3.71Km,1시간,진입로 : 철산교앞 버스 정류장 마을 구로04 <br />  - 천왕역 지하철 7호선 1번 출구에서 구로04 탑승 <br /> ※교통편의 변경이 있을 수 있으니 출발전 확인 바랍니다. ,1,안양천과 합쳐지는 작은 하천으로 인근 주민들과 자전거를 즐기는 사람들이 찾는 코스이다,목감천공영무료주차장 인근~개봉3동주민센터 인근~개명초등학교 인근~광일초등학교 인근
양천구,2.63km,1시간30분,진입로 1 : 용왕산입구 버스 정류장 마을버스 양천02 <br /> - 지하철 5호선 오목교역 1번 출구 오목교역.대학학원 버스 정류장에서 마을버스 양천02 탑승 가능 <br />     진입로 2 : 신목동역 지하철 9호선 1번출구 <br /> ※교통편의 변경이 있을 수 있으니 출발전 확인 바랍니다.     ,1," 1971년 8월 건설부고시에 의하여 목동 제1공원으로 지정되었다. 이후 1989년에 도시근린공원으로 개발되었다. 야산에 위치하여 시민들의 휴식공간으로 활용된다. 3코스의 산책로가 조성되어 있으며, 공원 내에는 1997년 5월 완공한 목동종합사회복지관이 들어서 있다. 연간 12만 명이 찾는다.",용왕산 진입로~용왕정~달거리약수터
양천구,0.96km,30분,"진입로 1 : 서서울호수공원 버스 정류장(15-338) 간선버스 651,652,653,662, 지선버스 6625,6627 <br /> - 지하철 5호선 화곡역 7번 출구 화곡전철역 버스 정류장(16-148)에서 간선버스 652, 653 지선버스 6627탑승 가능 <br /> 진입로 2 : 도보접근 <br /> ※교통편의 변경이 있을 수 있으니 출발전 확인 바랍니다.     ",1, 옛 신월정수장 자리에 꾸며진 서서울공원은 비행기가 지날 때마다 물이 솟구치는 소리분수와 화가 몬드리안의 구성기법을 도입한 몬드리안 정원이 있다., 서서울 호수공원
양천구,0.59km,30분,진입로 1 : 염창역 지하철 9호선 4번 출입구 <br />    진입로 2 ~ 4 : 도보진입 <br /> ※교통편의 변경이 있을 수 있으니 출발전 확인 바랍니다.    ,1," 달마을근린공원은 양천구가 2009년 7월 생태공원으로 재조성한 곳이다. 순환산책로 730m를 만들고 진입광장과 출입구 5곳을 새로 꾸몄으며 정자 1곳과 공원 전체조망이 가능한 전망데크, 야외 체육시설도 설치했다. 또 아카시나무가 주를 이뤘던 산에 팥배나무 등 30종 3만 1000주의 나무를 심었으며, 물억새 등 초화류 및 수생식물 30종 12만 2500여본을 심어 생태적으로 건강한 주민휴식처로 변모했다.", 진입마당~생태연못~야생초화원~달맞이언덕~아카시아나무 숲길~전망데크~숲속길~보호초식물화원
영등포구,21.1Km,8시간,"진입로 1 : 선유도역 지하철 9호선<br /> 진입로 2 : 당산역 지하철 2, 9호선 4번 출구<br /> 진입로 3 : 대방역 지하철 1호선<br /> 진입로 4 : 흑석역 지하철 9호선 1번 출구<br /> ※교통편의 변경이 있을 수 있으니 출발전 확인 바랍니다. ",1,"공원조성이 잘되어있고, 인근 주거지역이 많아 주민들이 산책하는 길로 많이 이용한다. <br />  <div class='table_css'> <table border='1'> <caption>※ 세부코스</caption> 	<tr> 		  <th colspan='2'>세부코스</th> 		  <th>거리(km)</th> 		  <th>소요시간</th> 		  <th>비고</th> 	  </tr> 	<tr> 		<td rowspan='5'>영등포동작한강길</td> 	</tr> 	<tr> 		  <td>1</td> 		  <td>7.3</td> 		  <td>2시간 10분</td> 		  <td>나이아가라호텔 인근(선유도역)~여의나루역 인근(여의나루역)</td> 	</tr> 	<tr> 	 	  <td>2</td> 		  <td>3.16</td> 		  <td>50분</td> 		  <td>여의나루역 인근(여의나루역)~조선 이흠례 묘지 인근(대방역)</td> 	</tr> 	<tr> 	 	  <td>3</td> 		  <td>4.78</td> 		  <td>1시간 20분</td> 		  <td>조선 이흠례 묘지 인근(대방역)~동작역 인근</td> 	</tr> 	<tr> 	 	  <td>여의도 순환 코스</td> 		  <td>8</td> 		  <td>2시간 30분</td> 		  <td> </td> 	</tr>  	 </table> </div> ",나이아가라관광호텔 인근~선유도 인근~KBS견학홀 인근~여의나루역수상택시 인근~조선이흠례묘지 인근~노들섬 인근~국립현충원 인근
영등포구,15.57Km,4시간30분,진입로 1 : 오목교역 지하철 5호선<br /> 진입로 2 : 도림천역 지하철 2호선<br /> 진입로 3 : 구일역 지하철 1호선<br /> 진입로 4 : 독산역 지하철 1호선<br /> 진입로 5 : 석수역 지하철 1호선<br /> ※교통편의 변경이 있을 수 있으니 출발전 확인 바랍니다. ,1,"공원조성이 잘되어있고, 인근 주거지역이 많아 주민들이 산책하는 길로 많이 이용한다. <br />  <div class='table_css'> <table border='1'> <caption>※ 세부코스</caption> 	<tr> 		  <th colspan='2'>세부코스</th> 		  <th>거리(km)</th> 		  <th>소요시간</th> 		  <th>비고</th> 	  </tr> 	<tr> 		<td rowspan='4'>안양천길</td> 	</tr> 	<tr> 		  <td>1</td> 		  <td>4.72</td> 		  <td>1시간 20분</td> 		  <td>백골부대전적비 인근(신목동역)~도림천역</td> 	</tr> 	<tr> 	 	  <td>2</td> 		  <td>6.6</td> 		  <td>2시간</td> 		  <td>도림천역 인근~독산역 인근</td> 	</tr> 	<tr> 	 	  <td>3</td> 		  <td>4.25</td> 		  <td>1시간 10분</td> 		  <td>독산역 인근~석수역 인근</td> 	</tr> 	 </table> </div>",백골부대전적비 인근~목마공원 인근~목동종합운동장 인근~오목교 인근~오금사거리 인근~어린이교통공원 인근~구일역 인근~광명시청 인근~광명시청 인근~가산디지털단지 인근~독산역 인근~석수역 인근
영등포구,3.84km,1시간30분,진입로 1 : 도림천역 지하철 2호선 2번 출구 <br />    진입로 2 : 신풍역 지하철 7호선 2번 출구 <br /> ※교통편의 변경이 있을 수 있으니 출발전 확인 바랍니다.   ,1," 신풍역 주변 신길6동 벚꽃길에서 시작하는 이 길은 주민들이 직접 헌수하여 조성한 왕벚나무, 넝쿨장미길을 지나 대방천 수림대(가로녹지)로 연결되는 도심 내 건강 산책길이다. 신길6동 벚꽃길과 신길동 넝쿨장미길을 지나 꽃섬길 마을마당(신길광장공원), 대방천 가로녹지대, 도림천으로 연결되는 코스는 지역축제 개최 및 다양한 경관이 펼쳐지며, 휴게시설 및 야외 체육시설이 설치되어 있어 휴식과 운동을 병행하는 재미를 안긴다.", 도림천역~신도림역~신길공원~신길동 넝쿨장미길~신풍역
영등포구,2.82km,1시간30분,"진입로 1 : 국회의사당역 지하철 9호선 3번 출구 <br />    진입로 2 : 여의도역 지하철 5, 9호선 3번 출구 <br /> ※교통편의 변경이 있을 수 있으니 출발전 확인 바랍니다.   ",1,"친수공간으로 연출된 생태공원과 옛 여의도광장과 여의도공원은 지하철, 버스 등 대중교통으로 접근성이 좋아 직장인과 일반시민들이 즐겨 찾는 명소이자 봄꽃축제, 세계불꽃축제, 각종 공연 및 마라톤행사 등 다양한 행사가 이어져 볼거리와 즐길거리가 풍부한 휴식공간입니다.    (`Free course` 로 자유롭게 다닐 수 있도록 조성)", 여의도공원 역~ 여의도공원 광장 여의도샛강생태공원
"관악구,구로구,금천구,영등포구",10.56Km,3시간30분,"진입로 1 : 도림천역 지하철 2호선 2번 출구<br /> 진입로 2 : 신도림역 지하철 1, 2호선 2번 출구<br /> 진입로 3 : 대림역 지하철 2, 7호선 8번 출구<br /> 진입로 3 : 구로디지털역 지하철 2호선<br /> 진입로 4 : 신림역 지하철 2호선 4번 출구<br /> 진입로 5 : 서울대학교 버스정류장(21-127) 간선 501, 506 지선 6515, 5511, 5513, 5515, 5516, 5517, 5528, 6512, 6513, 6514<br />  ※교통편의 변경이 있을 수 있으니 출발전 확인 바랍니다. ",1,주변에 많은 볼거리와 접근성이 좋아 인근 주민들이 산책로로 사용한다. <br /> <div class='table_css'> <table border='1'> <caption>※ 세부코스</caption> 	<tr> 		  <th colspan='2'>세부코스</th> 		  <th>거리(km)</th> 		  <th>소요시간</th> 		  <th>비고</th> 	  </tr> 	<tr> 		<td rowspan='3'>도림천길</td> 	</tr> 	<tr> 		  <td>1</td> 		  <td>4.06</td> 		  <td>1시간 10분</td> 		  <td>도림천역 인근~구로디지털단지역 인근</td> 	</tr> 	<tr> 	 	  <td>2</td> 		  <td>6.5</td> 		  <td>2시간 20분</td> 		  <td>구로디지털단지역 인근~신림역 인근~서울대학교</td> 	</tr> 	 </table> </div>,박정희 대통령 흉상 인근~영남중학교 인근~구로디지털단지역 인근~보라매공원 인근~신림역 인근~장군봉근린공원 인근~청룡산 인근
"관악구,금천구",3.95km,3시간,"진입로 1 : 범일운수종점 버스정류장(18-708) 지선버스 5413,5525,5537,5617,5619,5620 <br /> - 지하철 1, 7호선 가산디지털단지역 1번 출구 가산디지털단지역 버스 정류장(18-209)에서 지선버스 5537번 탑승 가능 <br /> 진입로 2 : 호압사입구(18-137) 간선버스 152, 지선버스 5517,6515,8541 <br /> ※교통편의 변경이 있을 수 있으니 출발전 확인 바랍니다.   ",3," 호압사에서 산기슭공원에 이르는 생태 탐방로로서 식생이 다양하다. 자연형 돌계단 등을 조성해 산책로를 정비하여 지역주민의 휴식공간으로 각광 받고 있다. 호암산은 해발 393m로 관악산에서 이어진 삼성산의 지맥으로 금천구의 진산이며 관악산 전체의 서쪽에 위치하고 산세가 북쪽(한양)을 바라보는 호랑이 형상을 닮았다 하여 붙여진 이름이라고 한다. 호암산에는 호암산성과 한우물, 석구상, 호압사, 불영사 등 많은 사적과 유서깊은 사찰이 있으며, 등산로가 가파르지 않고 도심에서 쉽게 접근할 수 있어 금천구, 광명시, 안양시민들의 산행으로 많이 찾는 곳이다. 호암산 정상에서 바라보는 서울시내 풍광과 서남쪽의 전경은 그지없이 아름다워 발길을 멈추게 한다.",시흥계곡 입구~산복약수터연못~생태통로~호암폭포~호압사
"관악구,금천구",5.87km,1시간 50분,진입로 1 : 서울대입구역 지하철 2호선 3번 출구 <br /> ※교통편의 변경이 있을 수 있으니 출발전 확인 바랍니다.   ,1,청룡산은 서울대입구역과 서울대정문 사이에 위치한 조그마한 산으로 주택과 인접하고 있어 간단히 산책을 즐길 수 있는 곳으로 계곡물을 이용 많은 습지가 조성되어 있다. <br /> ※경사가 완만하고 물이 풍부하여 생태연못 및 유아숲체험장이 조성되어 특히 봄에 아이들과 천천히 거닐며 자연생태를 관찰 할 수 있다.,청룡산 공원~누수식 생태연못~청룡상 산림욕장
"관악구,금천구",5.61km,3시간,"진입로 1 : 독산고등학교 버스 정류장(18-200) 지선버스 5525,5616 <br /> 진입로 2 : 뉴서울아파트 버스 정류장(21-509) 마을버스 관악10 <br /> 진입로 3 : 우림시장,난곡보건분소 버스 정류장(21-214) 간선버스 506, 지선버스 5522B호암,5523,5524,5615,5616 <br /> 진입로 4 : 흥일초등학교앞 버스 정류장(18-740) 지선버스 5621 <br /> 진입로 5~8 : 도보진입 <br /> 진입로 9 : 구민문화체육센터 버스정류장 마을버스 금천08(지하철 1호선 독산역 1번 출구 맞은편에서 탑승 가능) <br /> ※교통편의 변경이 있을 수 있으니 출발전 확인 바랍니다.",1," 노후시설을 정비하여 누구나 안전하고 편안하게 걸을 수 있도록 조성되어 있다. 특히 만수천 생태연못과 감로천 생태공원, 야생초화원 등으로 구성되어 다양한 식생과 많은 볼거리를 가지고 있다. <br /> ※봄이면 야생초화원의 싱그러운 봄 향기를 온몸으로 느낄 수 있다. 금천정 전망대에서 보는 조망도 좋고, 금천체육공원에는 숲속 도서관이 있어 책을 빌려 숲속에서 읽거나 도서관에서 여러 프로그램을 체험할 수도 있다.",감로천생태공원~금천전망대~산림감시초소~호압사입구 사거리
"관악구,금천구",1.22km,40분,"진입로 1 : 낙성대공원, 영어마을 버스 정류장 마을버스 관악02 <br /> - 지하철 2호선  낙성대역 4번 출구 맞은편에서 마을버스 관악02 탑승 가능 <br /> ※교통편의 변경이 있을 수 있으니 출발전 확인 바랍니다.",1,"낙성대 공원을 지나 관악산 능선과 이어져있고, 강감찬장군 동상, 안국사 등 볼거리가 풍부하다.", 안국사~낙성대공원
"관악구,금천구",0.81km,40분,"진입로 : 사당역 지하철 2, 4호선  4번 출입구",1," 오래된 나무와 온갖 풀이 바위와 어우러져 철따라 변하는 모습이 마치 금강산과 같다 하여 소금강 또는 서금강 이라고 불리는 관악산의 관음사는 관악산의 북측에 위치하며, 신라 말기의 고승 도선국사가 895년(진성여왕 9년)에 창건한 유서깊은 사찰이다", 관음사~상록약수터
"관악구,금천구",6.99km,3시간,"진입로 1 : 신동아아파트 버스 정류장(21-326) 지선버스 5515 <br /> - 지하철 2호선 서울대입구역 3번 출구 버스정류장 서울대입구역(21-330)에서 지선 버스 5515 탑승 가능 <br />        진입로 2 : 삼성산성지 버스 정류장(21-176) 간선버스 152,506 지선버스 6515,5517,5522B,8541 <br />    진입로 3 : 산장아파트 버스 정류장(21-175) 간선버스 152,506 지선버스 6515,5517,5522B,8541 <br /> ※교통편의 변경이 있을 수 있으니 출발전 확인 바랍니다.",2, 예전부터 고시원이 밀집된 대학동 일대를 걸을 수 있도록 기 조성된 공원들을 연결하여 고시생들과 주민들이 편하게 이용할 수 있도록 개발된 코스이다., 샘말공원~맨발공원~약수암~신우초등학교
"관악구,금천구",5.58km,2시간,"진입로 1 : 법대입구 버스 정류장(21-298) 지선버스 5511,5516 <br /> (서울대학교 버스 정류장(21-127)에서 등산로 입구를 통해 관악산야외식물원, 관악산호수공원으로 진입 가능)<br /> - 지하철 2호선 서울대입구역 3번 출구 서울대입구역 버스 정류장(21-330)에서 지선버스 5511, 5513, 5515 탑승 서울대학교(21-127)에서 하차<br /> ※교통편의 변경이 있을 수 있으니 출발전 확인 바랍니다.     ",2, 관악산 계곡길은 사시사철 언제라도 시원한 물줄기를 따라 길을 잇는다. 관악산 등산로는 본래 어려움이 많은 길이지만 이곳에 소개하는 길은 가파른 경사로가 시작되기 직전인 무너미고개 앞 삼거리약수터에서 다시 돌아오도록 되어 있어 남녀노소 누구라도 편안한 걷기를 즐길 수 있다. , 관악산호수공원~용천수~관악산야외식물원
동작구,3.53km,1시간30분,"진입로 1 : 사당역 지하철 2, 4호선 6번 출입구 <br />    진입로 2 : 남성역 지하철 7호선 2번 출입구 <br /> ※교통편의 변경이 있을 수 있으니 출발전 확인 바랍니다.    ",1," 야트막한 산으로 인근 주민들이 자주 찾는 코스이며, 접근성이 좋고 산책과 등산을 모두 할 수 있는 코스이다. 까치산에는 약 2.2㎞에 걸쳐 진초록 흙길이 열린다. 중간에 찻길로 끊긴 곳은 생태육교가 연결되어 자연스럽게 발길을 이어갈 수 있다. 다양한 활엽수가 길옆으로 도열하며, 곳곳에 생활체육시설과 쉼터가 놓여 있다.    (동작구 전체를 아우르는 코스로 7개의 코스로 구분)"," 서울시립남서울미술관~생태통로~경로당, 어린이놀이터~북카페"
동작구,4.58km,2시간,진입로 1 : 신대방삼거리역 지하철 7호선 2번 출입구 <br />    진입로 2 : 숭실대입구역 지하철 7호선 1번 출입구 <br />    진입로 2 : 도보진입 <br /> ※교통편의 변경이 있을 수 있으니 출발전 확인 바랍니다.           ,2, 진입로가 많이 있고 버스정류장이나 아파트가 많이 있어 주민들이 산책하기 좋은 코스이다.    (동작구 전체를 아우르는 코스로 7개의 코스로 구분), 청운종합복지원~동작관악적십자봉사관~상현중학교
동작구,2.50km,1시간30분,진입로 1 : 보라매역 지하철 7호선 6번 출입구 <br />    진입로 2 : 신대방삼거리역 지하철 7호선 5번 출입구 <br /> ※교통편의 변경이 있을 수 있으니 출발전 확인 바랍니다.    ,2," 접근성이 좋고, 보라매공원 이용객, 아파트주민들과 인근 거주하고 있는 주민들이 많이 이용하고 있다.    (동작구 전체를 아우르는 코스로 7개의 코스로 구분)  ", 보라매e편한세상아파트~보라매삼성아파트~동작구민회관
동작구,3.73km,1시간30분,진입로 1 : 지하철 1호선 노량진역 2번 출입구 <br />  진입로 2 ~ 4: 도보 진입 <br /> ※교통편의 변경이 있을 수 있으니 출발전 확인 바랍니다.    ,2," 노량진 수산시장을 지나 노량진근린공원, 무장애 등산로등 다양한 볼거리가 있다.    (동작구 전체를 아우르는 코스로 7개의 코스로 구분)", 노량진수산시장~대방e편한세상~노량진 근린공원~무장애 등산로
동작구,3.96km,2시간,"진입로 1 : 노량진역 지하철 1호선 1번 출입구 <br />    진입로 2 : 노들역 지하철 9호선 2번 출입구 <br />    진입로 3 : 동작역 지하철 4, 9호선 2번 출입구 <br /> ※교통편의 변경이 있을 수 있으니 출발전 확인 바랍니다.             ",2, 한강을 따라 걸을 수 있는 구간으로 사람들이 이용이 많다. 인근 뚝섬과도 연결이 되어있어 가족이나 연인들의 데이트 코스로도 좋다.    (동작구 전체를 아우르는 코스로 7개의 코스로 구분), 사육신공원입구~노량진배수지시민공원~효시정
동작구,2.50Km,1시간,"진입로 1 : 삼성래미안.롯데캐슬 버스 정류장 동작 마을버스 07, 16 <br /> - 지하철 4, 7호선 이수역 10번 출구에서 마을버스 동작16 탑승<br />      진입로 2 : 도보진입 <br />      진입로 3 : 정금마을 버스 정류장 동작 마을버스 07 <br /> - 지하철 4, 7호선 이수역 2번 출구에서 마을버스 동작07 탑승<br /> ※교통편의 변경이 있을 수 있으니 출발전 확인 바랍니다.                 ",2," 현충원 인근 산길을 걸을 수 있는 코스이며, 낮은 산으로 산책에 부담이 없고 바로 옆 현충원과 통해 볼거리와 휴식처를 제공하고 있다.       (동작구 전체를 아우르는 코스로 7개의 코스로 구분)", 국립현충원입구~사당출입문~서달산산책로
동작구,2.80km,1시간30분,"진입로 1 : 노들역 지하철 9호선 4번출입구 <br />      진입로 2 : 상도터널본동 버스 정류장(20-157) 간선버스 501,506,750A,750B,752 <br />      진입로 3 ~ 7 : 도보진입 <br /> ※교통편의 변경이 있을 수 있으니 출발전 확인 바랍니다.                 ",2, 편안한 등산로와 노량진 근린공원이 있어 인근 주민들이 많이 이용한다.      (동작구 전체를 아우르는 코스로 7개의 코스로 구분됨.), 노량진근린공원입구~고구동산조명명소~서달산자연생태탐방로~달마사
동작구,1.63km,1시간,"진입로 1 : 도보접근(보라매공원 남문, 신대방역 지하철 2호선 4번 출구) <br /> ※교통편의 변경이 있을 수 있으니 출발전 확인 바랍니다.",1," 보라매공원은 서울특별시 동작구 신대방동 395번지 대방로 219 일대인 옛날 공군사관학교 자리를 1985년 12월 20일에 보수하여 1986년 5월 5일 개원하였다. 공군사관학교 때의 상징인 '보라매'를 그대로 이름에 사용하여 오늘에 이르고 있으며, 공원을 산책하는 코스이다.",보라매공원 호수~인공암벽등반장~보라매공원 후문
동작구,7.34km,4시간30분,"진입로 1 : 동작역 지하철 4, 9호선 8번 출구 <br />      진입로 2 : 삼성래미안 롯데캐슬 버스 정류장 20-503 동작 마을버스 07, 16 <br />      진입로 3 :  동작역 지하철 4, 9호선 3번 출입구 <br />      진입로 4 : 정금마을 20-701 동작 마을버스 07 <br />  ※교통편의 변경이 있을 수 있으니 출발전 확인 바랍니다.     ",2, 군인?군무원으로서 사망한 사람과 국가에 공이 있는 사람의 유골 또는 시신을 안장한 국립현충원을 도는 산책로이다. 200m 정도 되는 이 나무계단만 올라가면 국립현충원 외곽을 따라 도는 산책로가 편안한 길을 펼쳐낸다., 정국교~박정희대통령묘소입구~호국지장사~육탄10용사 현충비
서초구,2.57Km,1시간,"진입로 1 : 동작역 지하철 4, 9호선 1번 출구<br /> 진입로 2 : 고속터미널역 지하철 3, 7, 9호선 5번 출구<br /> ※교통편의 변경이 있을 수 있으니 출발전 확인 바랍니다. ",1,"교통편이 좋아 접근성이 좋고, 인근 아파트 단지가 밀집되어 있어 사람들이 산책하는 코스로 많이 이용되고 있다",동작역 인근~구반포역 인근~반포주공아파트 인근~반포종합운동장 인근~고속터미널역 인근
서초구,5.69Km,2시간,"진입로 1 : 양재시민의숲역 신분당선 5번 출구<br /> 진입로 2 : 양재2동주민센터양재꽃시장 버스 정류장(22-293) 일반 917, 11-3, 11-7, 500-5 간선 400, 140, 440, 441, 470, 471, 407, 408, 462, 421, 405 지선 4432, 8441 마을 서초20<br /> ※교통편의 변경이 있을 수 있으니 출발전 확인 바랍니다. ",1,"탄천, 양재시민의숲과 같이 있어 이용하는 사람들이 많다. 하지만 상류는 정비가 되어 있지 않다",양재시민의숲 인근~세원마을 인근~청룡경로당회관 인근~넘말골 인근
서초구,3.31km,1시간 30분,"진입로1 : 고속터미널역 지하철 3, 7, 9호선 5번 출구(또는 3번 출구로 나와 육교를 건너면 서리골 공원으로 바로 진입가능) <br />    진입로2 : 방배역 지하철 2호선 4번 출구 <br />    진입로3 : 도보접근 <br /> ※교통편의 변경이 있을 수 있으니 출발전 확인 바랍니다.            ",1," 고층아파트가 스카이라인을 이룬 이곳에 어찌 이리 아름다운 숲길을 허락했을까. 걷는 이들마다 의아해하고, 신기해하고, 끝내는 감사해하는 숲길이다. 이 숲길을 품은 산줄기는 원래 하나였으나 차도가 금을 그으며 생이별을 하고 말았다. 얼마 전까지도 찻길을 건너야만 숲길을 이어갈 수 있었으나 2009년 말 서리골공원과 몽마르뜨공원이 누에다리로 이어지고, 그와 동시에 몽마르뜨공원이 서리풀공원과 서리풀다리로 이어지며 다시 하나의 식구가 됐다.<br />※도심 숲길을 따라 가족과 함께 청명한 가을 하늘을 보며 가볍게 걷기 좋은 길이다.", 서리골공원~몽마르뜨공원~서리풀공원
서초구,3.86km,2시간,진입로 : 남부터미널역 지하철 3호선 4번 출구 <br /> ※교통편의 변경이 있을 수 있으니 출발전 확인 바랍니다.,2,"우면산은 서초구의 가장 대표적인 산으로 다양한 편의시설과 약수터가 중턱과 능선, 진입로의 요소요소에 잘 구비되어 있어 걷기 환경이 매우 좋다. 우면산 정상이라 할 수 있는 소망탑 전망대에서는 서울이 한 눈에 내려다보이는 장관을 만끽할 수 있다.", 남부터미널역~소망탑 전망대
강남구,3.70Km,1시간,"진입로 1 : 세곡동사거리 버스 정류장(23-415) 버스 101.57.2412.1007<br /> 진입로 2 : 대왕파출소 버스 정류장 강남 06, 06-1<br /> - 수서역 지하철 3호선, 분당선 6번 출구에서 강남 06, 06-1 탑승 가능<br />  진입로 3(경로 끝) : 헌인마을 버스정류장 서초09 -> 강남역<br /> ※교통편의 변경이 있을 수 있으니 출발전 확인 바랍니다. ",1,"하천 폭은 좁지만, 산책길 정비로 인근 거주자들이 많이 이용한다",삼일자동차운전전문학원 인근~대왕초등학교 인근~세곡리엔파크1단지 인근~강남세곡LH푸르지오~헌인릉 인근
강남구,10.17Km,3시간,"진입로1 : 동작역 지하철 4, 9호선 1번 출구<br /> 진입로2 : 압구정역 지하철 3호선 6번 출구<br /> 진입로3 : 청담역 지하철 7호선<br />  ※교통편의 변경이 있을 수 있으니 출발전 확인 바랍니다. ",1,"한국의 중부, 강원도, 충청북도, 경기도, 서울특별시를 거쳐 황해로 유입하는 강을 따라 산책로로 이용<br />  <div class='table_css'> <table border='1'> <caption>※ 세부코스</caption> 	<tr> 		  <th colspan='2'>세부코스</th> 		  <th>거리(km)</th> 		  <th>소요시간</th> 		  <th>비고</th> 	  </tr> 	<tr> 		<td rowspan='3'>강남서초한강길</td> 	</tr> 	<tr> 		  <td>1</td> 		  <td>5.85</td> 		  <td>1시간 40분</td> 		  <td>동작역 인근~동호대교 인근(압구정역)</td> 	</tr> 	<tr> 	 	  <td>2</td> 		  <td>4.32</td> 		  <td>1시간 20분</td> 		  <td>동호대교 인근(압구정역)~청담도로공원(청담역)</td> 	</tr> 	 </table> </div>",한강홍수통제소 인근~달빛광장 인근~한강공원잠원지구 인근~성수대교 인근~한양8차아파트 인근구산아파트 인근~청담도로공원 인근
강남구,2.48Km,1시간,진입로 : 지하철 8호선 장지역 3번 출구 가든파이브(탄천) 인근<br /> ※교통편의 변경이 있을 수 있으니 출발전 확인 바랍니다. ,1,탄천과 이어지는 길로 사람들이 산책길로 많이 이용하고 있다,가든파이브(탄천) 인근~성모자애복지관 인근~서울자원 인근~독정천끝 인근
강남구,9.53Km,3시간,"진입로 1 : 학여울역 지하철 3호선 1번 출구<br /> 진입로 2 : 대모산입구역 지하철 분당선 2번 출구<br /> 진입로 3 : 개포동역 지하철 분당선 3번 출구<br /> 진입로 4 : 도곡역 지하철 3호선, 분당선 3번 출구<br /> 진입로 5 : 양재역 지하철 3호선, 신분당선 8번 출구<br /> 진입로 6 : 양재시민의숲역 지하철 신분당선 1번 출구<br /> ※교통편의 변경이 있을 수 있으니 출발전 확인 바랍니다.  ",1,서초구와 강남구를 거쳐 한강으로 흘러 들어가는 준용하천으로 인근 주민들의 운동과 산책공간으로 사랑받고 있다,학여울역 인근~도곡역 인근~구룡초등학교 인근~양재시민의숲역 인근~양재1동주민센터 인근
강남구,6.02km,2시간30분,"진입로 1 :  매봉역 지하철 3호선 4번 출구 <br />      진입로 2 : 능인선원앞 버스 정류장(23-367) 간선버스 141, 지선버스 4412, 순환버스 41 <br /> ※교통편의 변경이 있을 수 있으니 출발전 확인 바랍니다.",2, 구룡산은 옛날 임신한 여인이 용 열 마리가 승천하는 것을 보고 놀라 소리치는 바람에 한 마리가 떨어져 죽고 아홉 마리만 하늘로 올라갔다 하여 붙여졌다. 코스 대부분이 숲길로 이루어져 햇빛이 비추는 여름에도 시원한 그늘 밑을 걸을 수 있으며 높거나 산길이 험하지 않아 부담 없이 산행을 즐길 수 있다.  다만 구룡산 진입로부터 개암약수터까지는 약간의 오르막이 20분 정도 진행되나 나무계단 등의 편의시설이 있어 노약자도 쉬엄쉬엄 올라가면 진행에 큰 무리는 없다., 달터근린공원~구룡산길 시작~개암약수터
강남구,4.80km,3시간,진입로 1 : 도보접근(서울로봇고등학교 앞) <br /> -일원역 지하철 3호선 5번 출구에서 도보로 이동(약 500m) 서울로봇고등학교로 갈 수 있다 <br />      진입로 2 : 세곡2보금자리 <br /> ※교통편의 변경이 있을 수 있으니 출발전 확인 바랍니다. ,2," 코스 대부분이 숲길이며, 대모산은 해발 293m의 야트막한 산으로 서쪽의 구룡산과 능선을 나란히 하고 있어 연결하여 많은 사람들이 걷는다. 예전에는 국수봉이라고 불렸던 산으로 인근에 아파트단지들이 많이 들어서 주민들의 휴식공간으로 이용되고 있다. 아침 운동이나 가벼운 산책을 즐기려는 주민들이 많이 찾는다. 동쪽 끝은 수서역 4번 출구와 맞닿아 있다.", 실로암 약수터~대모산 초소위~독도모형~대모산 정상
강남구,4.15km,2시간,"진입로 1 :  삼성역 지하철 2호선 6번 출구 <br />    진입로 2 :  선릉역 지하철 분당선, 2호선 8번 출구 <br /> ※교통편의 변경이 있을 수 있으니 출발전 확인 바랍니다.",2," 2009년 6월에 유네스코 세계문화유산으로 등재된 조선 왕릉의 하나인 선정릉을 거쳐 전통사찰인 봉은사를 지나는 코스이다. 조선 제 9대 왕인 성종과 계비 정현왕후의 능인 선릉과 함께 조선 11대 왕인 중종의 능이 모셔진 곳으로 이 두 능침 사이로 나 있는 야트막한 언덕으로 걷기 좋은 산책로가 세 가닥이나 뻗었다. 봉은사 역시 볼만한 전각들이 많으며, 특히 미륵대불은 언제나 소원을 빌러 오는 신자들로 붐빈다. <br /> <font color='red'>※휴관일(월요일), 관람요금, 관람시간, 매표시간 등을 문화재청 정릉 홈페이지에서 확인하실 수 있습니다.</font><br />   ※홈페이지 : http://seonjeong.cha.go.kr<br /> ※문의전화 : 02-568-1291   ", 대웅전~미륵대불~선릉외각길~매표소~정릉~전현왕후릉~선릉
,7.14Km,2시간,"진입로 1 : 수서역 지하철 분당선, 3호선 3번 출구<br /> 진입로 2 : 삼성역 지하철 2호선 1번 출구<br /> ※교통편의 변경이 있을 수 있으니 출발전 확인 바랍니다. ",1,송파와 강남 사이에 흐르는 한강 지류로 다양한 운동기구와 정돈된 산책코스 조성으로 인근주민들이 자주 이용한다,송파자원순환공원 인근~서울메트로 수서차량사업소 인근~강남주민 편의시설 인근~잠실 우성아파트 인근~잠실종합운동장 인근
송파구,30.21km,8시간,"진입로 1 : 잠실역 지하철 2호선, 8호선 3번 출구 <br /> 진입로 2 : 잠실나루역 지하철 2호선 1번 출구 <br />      진입로 3 : 올림픽공원남2문 버스 정류장(24-240) 일반 30, 30-5, 지선버스 3412, 3413 <br />      진입로 4 : 올림픽공원역 지하철 5호선 1번 출구 <br />      진입로 5 : 도보진입  <br /> ※교통편의 변경이 있을 수 있으니 출발전 확인 바랍니다.",3,"석촌호수를 출발하여 송파구를 흐르는 한강~탄천 등 송파구를 걷는 장거리 코스이다. 송파소리길을 안내하는 홈페이지가 있고, 매년 걷기 행사 등이 열려 주민들의 많은 참여가 이루어지는 코스이다.<br />       ※ 홈페이지 : http://sorigil.songpa.go.kr",석촌호수길~한성백제박물관~몽촌토성~양재천 산책로
송파구,17.98Km,5시간40분,"진입로 1 : 종합운동장역 지하철 2호선<br /> 진입로 2 : 잠실나루역 지하철 2호선<br /> 진입로 3 : 암사역 지하철 8호선<br /> 진입로 4 : 미사리차고지 버스정류장(28-070) 일반1-4, 마을3<br />  ※교통편의 변경이 있을 수 있으니 출발전 확인 바랍니다. ",1,봉화산 기슭에서 발원하여 중랑천 월릉교 부근으로 흘러들어가는 하천. <br />  <div class='table_css'> <table border='1'> <caption>※ 세부코스</caption> 	<tr> 		  <th colspan='2'>세부코스</th> 		  <th>거리(km)</th> 		  <th>소요시간</th> 		  <th>비고</th> 	  </tr> 	<tr> 		<td rowspan='4'>송파강동한강길</td> 	</tr> 	<tr> 		  <td>1</td> 		  <td>7.8</td> 		  <td>2시간 30분</td> 		  <td>잠실한강공원 인근(종합운동장역)~광나루자전거공원 인근(암사역)</td> 	</tr> 	<tr> 	 	  <td>2</td> 		  <td>5.35</td> 		  <td>1시간 40분</td> 		  <td>광나루자전거공원 인근(암사역)~고덕천교 인근</td> 	</tr> 	<tr> 	 	  <td>3</td> 		  <td>4.83</td> 		  <td>1시간 30분</td> 		  <td>고덕천교 인근(상일동역에서 고덕천을 따라 2.5KM도보이동)~미사리차고지</td> 	</tr> 	 </table> </div>,잠실한강공원 인근~잠실대교 인근~한강공원광나루지구 인근~광나루자전거공원 인근~암사동선사주거지 인근~고덕천 인근~춘천고속도로 인근
송파구,5.49Km,2시간,"진입로 1 : 아산병원정문앞 버스 정류장(24-430) 지선버스 4318<br />   - 천호역 지하철 5, 8호선 9번 출구 천호역,풍납시장 버스정류장에서 지선 4318 탑승  가능<br /> 진입로 2 : 올림픽공원역 지하철 5호선<br /> 진입로 3 : 강동구청역, 몽촌토성역 지하철 8호선 도보로 올림픽공원 접근 가능<br /> 진입로 4(경로 끝) : 아남아파트 인근을 지나 성내천 끝 청암노인요양원 24-298 지선 3318, 3316, 3315, 3416, 3214<br /> ※교통편의 변경이 있을 수 있으니 출발전 확인 바랍니다. ",1,"몽촌토성, 올림픽공원이라는 문화시설과 지하철, 버스 등 접근성이 뛰어나다",아산병원 인근~풍납중학교 인근~몽촌토성 인근~올림픽수영장 인근~오륜주민센터 인근~오륜사거리 인근~아남아파트 인근
송파구,4.17km,1시간,"진입로 1 : 잠실역 지하철 2, 8호선 2번 출입구 <br /> 진입로 2 : 잠실역 지하철 2, 8호선 3번 출입구 <br /> 진입로 3 : 석촌역 지하철 8호선 7번 출입구 <br /> ※교통편의 변경이 있을 수 있으니 출발전 확인 바랍니다.",1," 석촌호수는 자연과 인간이 힘을 합해 만든 인공호수이다. 원래는 한강의 일부분이었으나, 세월이 흐르면서 샛강이 생겼고 그 후 한강 본류 정비 사업으로 샛강이 매립되면서 인공호수가 생겨나게 되었다. 송파대로 개통으로 둘로 나눠진 이 쌍둥이 호수를 자연친화적 환경으로 정비한 것이 오늘의 석촌호수다. 호수와 인접하여 유명 놀이공원이 만들어져 있어 여러모로 볼거리와 즐길거리가 많다. ", 석촌호수길~석촌동백제초기적성총~방이동백제고분군 
송파구,3.67km,3시간,"진입로 1 : 몽촌토성역 지하철 8호선 1번출입구 <br />    진입로 2 : 올림픽공원남2문 버스 정류장(24-240) 일반 30, 30-5 지선버스 3412, 3413 <br />    진입로 3 : 도보접근 <br />    진입로 4 : 올림픽공원역 지하철 5호선 1번 출입구 <br /> ※교통편의 변경이 있을 수 있으니 출발전 확인 바랍니다.",2," 도시공원의 의미는 자연휴식공간이라는 데 있다. 아울러 산책로를 만들어 도시민들이 걷고 뛰며 운동할 수 있도록 하는 목적도 지녔다. 강남권 도심, 잠실 주변엔 거대한 녹지공원인 올림픽공원이 있다. 특히 석촌호수에서 가까운 올림픽공원 산책로는 백제 때 축조된 몽촌토성까지 품고 있으며 2012년에는 몽촌토성에서 찾을 수 있는 백제의 역사를 알려주는 한성백제 박물관도 개관하여 더욱 볼거리가 풍부해졌다. (‘Free course' 로 자유롭게 다닐 수 있도록 조성)",몽촌토성~한성백제박물관~몽촌토성길~88호수
강동구,5.21km,3시간,진입로 1 : 일자산입구 버스 정류장(25-185) 간선버스 351 <br /> - 지하철 5호선 강동역 4번 출구 강동역(동신중학교) 버스 정류장(25-126)에서 간선버스 351번 탑승 가능 <br /> ※교통편의 변경이 있을 수 있으니 출발전 확인 바랍니다.,2," 노선의 대부분은 차지하는 일자산은 이름 그대로 능선이 군더더기 없이 일(一)자로 뻗은 산이다. 때문에 중간 중간 갈림길이 많아도 큰 길을 따라 곧장 질러가면 3㎞에 달하는 울창한 숲길을 고스란히 두 발에 담아낼 수 있다. 특히 아름드리나무들이 많아 마치 큰 산에 들어선 듯한 청량감이 일품이다. 강동구가 야심차게 추진하고 있는 강동그린웨이를 중심으로 둔촌동 생태경관보전지역, 허브천문공원 및 길동생태공원 등 강동의 주요 명소를 연결한 코스이다. 야트막한 능선으로 뻗은 일자산 숲길을 따라 자연의 향기를 만끽할 수 있으며,  길동생태공원(사전예약 필수)은 우리나라의 대표적인 생태공원으로 계절별로 다양한 체험 프로그램이 마련되어 있다.<br />※봄이면 꽃향기가 가득한 허브천문공원, 그리고 동?식물의 모습을 관찰 할 수 있는 길동생태공원 등을 돌아보는 볼거리 등 아이들과 무리 없이 즐길 수 있는 요소들을 많이 포함한 가족 맞춤형 코스이다.",길동자연생태공원~강동그린웨이 가족캠핑장~둔촌이집선생 둔굴
강동구,3.98Km,1시간 30분,진입로 1 : 강일리버파크1단지 정문 버스 정류장 마을 강동02 <br />  - 상일동역 지하철 5호선 3번 출구 강동02 탑승 <br /> ※교통편의 변경이 있을 수 있으니 출발전 확인 바랍니다. ,1,강동구와 하남시를 통과하는 하천길로 주변 아파트 주민들이 산책길로 이용한다<br /> ※공동주택 이전 동쪽방향 구간은 도보가 불가능하다,공동주택 인근~강동중학교 인근~강일리버파크2단지 인근~강일리버파크1단지 인근
강동구,4.18Km,1시간 30분,"진입로 1 : 고덕리엔파크1단지 버스 정류장(25-104) 간선 340, 351, 370 지선 3321, 3318, 3412, 3413 마을 강동02 <br />  진입로 2 : 상일동역 지하철 5호선 3번출구에서 도보로 이동 <br /> ※교통편의 변경이 있을 수 있으니 출발전 확인 바랍니다. ",1,주변 아파트단지를 끼고 흐르고 있어 인근 주민들이 산책길로 이용한다,고덕천교 인근~고덕차량기지 인근~강동고양차고지 인근~고덕주공6단지 인근
강동구,1.90km,1시간30분,진입로1 : 명일역 지하철 5호선 3번 출입구 <br /> ※교통편의 변경이 있을 수 있으니 출발전 확인 바랍니다.,1, 해발 100m 미만의 낮고 순탄한 숲길이지만 계절 따라 순환하는 자연의 섭리를 그대로 느낄 수 있다. ,명일역 3번 출입구~고덕산 정상
"강북구,도봉구,성북구,은평구,종로구",34.5km,17시간,"출발지 : 지하철 3호선 구파발역 3번 출입구, 북한산 인접지 <br />            도착지 : 지하철 1호선, 7호선 도봉산역 1번 출입구  ",2,"8코스는 북한산 둘레길을 이용해 통과하는 노선으로 이미 개통이 된 곳으로 이용하여 정비가 잘되어 있다. 대체적으로 경사가 급하진 않지만 약간의 코스에서 어려움이 있다. 또한 산 코스임에도 노선이 길어 하루동안 코스를 통과할 수는 없다. 8코스는 대체적으로 사찰과 문화재뿐만 아닌 계곡 등의 자연적 요소 등이 분포되어있어 볼거리가 다양한 코스이다. <br /> 		<div class='table_css'> <table border='1'> <caption>※ 세부코스<p style='color:red;'>('비고'란의 코스별 길이름을 큭릭하시면, 상세정보를 열람하실 수 있습니다.)</p></caption> 	<tr> 		  <th colspan='2'>세부코스</th> 		  <th>거리(km)</th> 		  <th>소요시간</th> 		  <th>비고</th> 	  </tr> 	<tr> 		<td rowspan='6'>8코스 북한산</td> 	</tr> 	<tr> 		  <td>8-1</td> 		  <td>5.4</td> 		  <td>2시간 30분</td> 		  <td><a href='http://ecotour.knps.or.kr/dulegil/course/course08.asp' target='_blank' style='text-decoration:underline;color:blue;'>구름정원길</a></td> 	</tr> 	<tr> 	 	  <td>8-2</td> 		  <td>7.7</td> 		  <td>4시간 10분</td> 		  <td><a href='http://ecotour.knps.or.kr/dulegil/course/course07.asp' target='_blank' style='text-decoration:underline;color:blue;'>옛성길</a>, <a href='http://ecotour.knps.or.kr/dulegil/course/course06.asp' target='_blank' style='text-decoration:underline;color:blue;'>평창마을길</a></td> 	</tr> 	<tr> 		  <td>8-3</td> 		  <td>4.5</td> 		  <td>2시간 10분</td> 		  <td><a href='http://ecotour.knps.or.kr/dulegil/course/course05.asp' target='_blank' style='text-decoration:underline;color:blue;'>명상길</a>, <a href='http://ecotour.knps.or.kr/dulegil/course/course04.asp' target='_blank' style='text-decoration:underline;color:blue;'>솔샘길</a></td> 	</tr> 	<tr> 	 	  <td>8-4</td> 		  <td>9.5</td> 		  <td>4시간 40분</td> 		  <td><a href='http://ecotour.knps.or.kr/dulegil/course/course03.asp' target='_blank' style='text-decoration:underline;color:blue;'>흰구름길</a>, <a href='http://ecotour.knps.or.kr/dulegil/course/course02.asp' target='_blank' style='text-decoration:underline;color:blue;'>순례길</a>, <a href='http://ecotour.knps.or.kr/dulegil/course/course01.asp' target='_blank' style='text-decoration:underline;color:blue;'>소나무숲길</a></td> 	</tr> 	<tr> 	 	  <td>8-5</td> 		  <td>7.4</td> 		  <td>3시간 30분</td> 		  <td><a href='http://ecotour.knps.or.kr/dulegil/course/course20.asp' target='_blank' style='text-decoration:underline;color:blue;'>왕실묘역길</a>, <a href='http://ecotour.knps.or.kr/dulegil/course/course19.asp' target='_blank' style='text-decoration:underline;color:blue;'>방학동길</a>, <a href='http://ecotour.knps.or.kr/dulegil/course/course18.asp' target='_blank' style='text-decoration:underline;color:blue;'>도봉옛길</a></td> 	</tr> </table> <table border='1'> <caption>※ 스탬프 시설 위치</caption> 	<tr> 		  <th>코스</th> 		  <th>스탬프 시설 위치</th> 		  <th>비고</th> 	  </tr> 	<tr> 		<td rowspan='7'>8코스 북한산</td> 	</tr> 	<tr> 		  <td>서울둘레길과 북한산둘레길 합류점</td> 	  	  <td></td> 	</tr> 	<tr> 		  <td>북한산둘레길 옛성길 시작점</td> 		  <td></td> 	</tr> 	<tr> 		  <td>북한산둘레길 명상길 시작점</td> 		  <td></td> 	</tr> 	<tr> 		  <td>북한산둘레길 흰구름길 시작점</td> 	  	  <td></td> 	</tr> 	<tr> 		  <td>북한산둘레길 왕실묘역길 시작점</td> 		  <td></td> 	</tr> 	<tr> 		  <td>도봉탐방지원센터 앞</td> 		  <td></td> 	</tr> </table> <table border='1' style='width:50%' > <caption>※ 서울둘레길 안내지도 및 스탬프북 배부처</caption> 	<tr> 		  <th>배부처</th> 		  <th>연락처</th> 	 </tr> 	<tr> 		  <td>서울시청 1층 열린민원실</td> 		  <td>2133-7904~5</td> 	</tr> 		<tr> 		  <td>서울창포원 관리사무소</td> 		  <td>954-0031</td> 	</tr> 		<tr> 		  <td>아차산관리사무소</td> 		  <td>450-1655</td> 	</tr> 		<tr> 		  <td>양재시민의숲관리사무소</td> 		  <td>575-3895</td> 	</tr> 		<tr> 		  <td>관악산관리사무소</td> 		  <td>879-6561</td> 	</tr> </table> <font color='red' > ※유의사항<br /> 1. 안내지도, 스탬프북 물량이 없을 수 있으니 문의전화 후 방문하세요.<br /> 2. 스탬프 투어시 인주(스탬프 찍는 인주)를 함께 가지고 다니면 좋습니다. <br /> </font> (스탬프가 야외에 설치되는 관계로 기후 등에 따라 인주가 마르는 경우가 있을 수 있습니다.)<br /> </div>", 은평뉴타운~선림사~북한산생태공원~탕춘대성암문~불심원~연화정사~성북생태체험관~빨래골지킴터~이준열사묘소~419국립묘지~봉황각~우이령길입구~연산군묘~정의공주묘~무수골~도봉탐방지원센터~도봉산역
"마포구,은평구",16.6km,6시간 10분,"출발지 : 지하철 9호선 가양역 4번 출입구 <br /> 진입로 1 : 지하철 6호선 월드컵경기장역 3번 출입구 <br /> 진입로 2 : 지하철 경의선, 공항철도, 6호선 디지털미디어시티역 1번 출입구 <br />            도착지 : 지하철 3호선 구파발역 3번 출입구, 북한산 인접지",2,"서울 둘레길의 7코스인 봉산, 앵봉산코스는 가양역에서부터 출발하여 과거의 난지도로 유명한 지금의 노을공원, 하늘공원을 통과하고 2002년 이후로 많은 사람들이 찾는 월드컵경기장을 지나 진입하게 된다. 봉산과 앵봉산은 특별한 트래킹 기술을 요하지는 않으며 급한 경사지와 통과하기 어려운 곳은 정비가 잘 되어 있음에 따라 어려움은 없을 것으로 판단된다. 봉산과 앵봉산은 수국사, 서오릉 등 역사적 유산이 많아 볼거리가 다양한 것이 특징이다. <br /> 		 				<div class='table_css'> <table border='1'> <caption>※ 세부코스</caption> 	<tr> 		  <th colspan='2'>세부코스</th> 		  <th>거리(km)</th> 		  <th>소요시간</th> 		  <th>비고</th> 	  </tr> 	<tr> 		<td rowspan='4'>7코스 봉산?애봉산</td> 	</tr> 	<tr> 		  <td>7-1</td> 		  <td>7.3</td> 		  <td>1시간 50분</td> 		  <td>가양역 ~ 봉산입구(증산역)</td> 	</tr> 	<tr> 	 	  <td>7-2</td> 		  <td>9.3</td> 		  <td>4시간 20분</td> 		  <td>봉산입구 ~ 구파발역</td> 	</tr> </table> <table border='1'> <caption>※ 스탬프 시설 위치</caption> 	<tr> 		  <th>코스</th> 		  <th>스탬프 시설 위치</th> 		  <th>비고</th> 	  </tr> 	<tr> 		<td rowspan='4'>7코스 봉산?애봉산</td> 	</tr> 	<tr> 		  <td>가양대교 시작점</td> 	  	  <td></td> 	</tr> 	<tr> 		  <td>증산체육공원 화장실 앞</td> 		  <td></td> 	</tr> 	<tr> 		  <td>앵봉산 초입</td> 		  <td></td> 	</tr> </table> <table border='1' style='width:50%' > <caption>※ 서울둘레길 안내지도 및 스탬프북 배부처</caption> 	<tr> 		  <th>배부처</th> 		  <th>연락처</th> 	 </tr> 	<tr> 		  <td>서울시청 1층 열린민원실</td> 		  <td>2133-7904~5</td> 	</tr> 		<tr> 		  <td>서울창포원 관리사무소</td> 		  <td>954-0031</td> 	</tr> 		<tr> 		  <td>아차산관리사무소</td> 		  <td>450-1655</td> 	</tr> 		<tr> 		  <td>양재시민의숲관리사무소</td> 		  <td>575-3895</td> 	</tr> 		<tr> 		  <td>관악산관리사무소</td> 		  <td>879-6561</td> 	</tr> </table> <font color='red' > ※유의사항<br /> 1. 안내지도, 스탬프북 물량이 없을 수 있으니 문의전화 후 방문하세요.<br /> 2. 스탬프 투어시 인주(스탬프 찍는 인주)를 함께 가지고 다니면 좋습니다. <br /> </font> (스탬프가 야외에 설치되는 관계로 기후 등에 따라 인주가 마르는 경우가 있을 수 있습니다.)<br /> </div>",가양역~노을공원~하늘공원~월드컵경기장~봉산~앵봉산~구파발역
"강서구,구로구,금천구,영등포구",18㎞,4시간 30분,출발지 : 지하철 1호선 석수역 2번 출입구<br /> 진입로 1 : 지하철 1호선 금천구청역<br /> 진입로 2 : 지하철 1호선 구일역 1번 출입구<br /> 진입로 3 : 지하철 2호선 도림천역 2번 출입구<br /> 도착지 : 지하철 9호선 가양역 4번 출입구,1,"안양천코스는 석수역에서 출발해 안양천, 한강을 따라 걸어 가양역에 도착하는 코스이다.        본 코스는 다소 길지만 지하철역이 곳곳에 위치하고 있어 대중교통의 접근이 편리하고, 전 구간이 평탄한 지형으로 수월한 트레킹이 가능하다.          서울의 하천과 한강을 만끽 할 수 있어 숲길이 대부분인 다른 코스와 차별화가 된다.         곳곳에 운동시설, 산책로, 편의시설, 휴게시설 등이 다수 위치하고 있다.<br /> ※특히 안양천길은 봄이면 봄꽃으로 물들며 하얀 벚꽃 비를 맞으며 길을 걸을 수 있다.<br /> 			<div class='table_css'> <table border='1'> <caption>※ 세부코스</caption> 	<tr> 		  <th colspan='2'>세부코스</th> 		  <th>거리(km)</th> 		  <th>소요시간</th> 		  <th>비고</th> 	  </tr> 	<tr> 		<td rowspan='4'>6코스 안양천</td> 	</tr> 	<tr> 		  <td>6-1</td> 		  <td>7.8</td> 		  <td>2시간</td> 		  <td>석수역 ~ 구일역</td> 	</tr> 	<tr> 	 	  <td>6-2</td> 		  <td>10.2</td> 		  <td>2시간 30분</td> 		  <td>구일역 ~ 가양역</td> 	</tr> </table> <table border='1'> <caption>※ 스탬프 시설 위치</caption> 	<tr> 		  <th>코스</th> 		  <th>스탬프 시설 위치</th> 		  <th>비고</th> 	  </tr> 	<tr> 		<td rowspan='4'>6코스 안양천</td> 	</tr> 	<tr> 		  <td>석수역 앞</td> 	  	  <td></td> 	</tr> 	<tr> 		  <td>구일역 앞</td> 		  <td></td> 	</tr> 	<tr> 		  <td>황금내근린공원 화장실 앞</td> 		  <td></td> 	</tr> </table> <table border='1' style='width:50%' > <caption>※ 서울둘레길 안내지도 및 스탬프북 배부처</caption> 	<tr> 		  <th>배부처</th> 		  <th>연락처</th> 	 </tr> 	<tr> 		  <td>서울시청 1층 열린민원실</td> 		  <td>2133-7904~5</td> 	</tr> 		<tr> 		  <td>서울창포원 관리사무소</td> 		  <td>954-0031</td> 	</tr> 		<tr> 		  <td>아차산관리사무소</td> 		  <td>450-1655</td> 	</tr> 		<tr> 		  <td>양재시민의숲관리사무소</td> 		  <td>575-3895</td> 	</tr> 		<tr> 		  <td>관악산관리사무소</td> 		  <td>879-6561</td> 	</tr> </table> <font color='red' > ※유의사항<br /> 1. 안내지도, 스탬프북 물량이 없을 수 있으니 문의전화 후 방문하세요.<br /> 2. 스탬프 투어시 인주(스탬프 찍는 인주)를 함께 가지고 다니면 좋습니다. <br /> </font> (스탬프가 야외에 설치되는 관계로 기후 등에 따라 인주가 마르는 경우가 있을 수 있습니다.)<br /> </div>",석수역~안양천~한강~가양역
"관악구,금천구",12.7㎞,5시간 50분,"출발지 : 지하철 2호선, 4호선 사당역 4번 출입구 <br />            도착지 : 지하철 1호선 석수역 1번 출입구",2,"관악산코스는 사당역에서 출발해 관악산, 삼성산을 거쳐 석수역에 도착하는 코스이다.         관악산과 높은 고도로 등반을 위한 산행이 대부분이지만 본 코스는 관악산의 둘레길을 따라서 걷는 코스로 자연경관이 매우 훌륭하고 곳곳의 역사문화유적이 다양하게 분포하고 있어 볼거리 또한 매우 풍부하다.            대부분의 구간이 숲길로 비교적 난이도가 있는 코스지만 서울의 산림자연환경을 느낄 수 있는 최적의 코스이기도 하다. 	<div class='table_css'> <table border='1'> <caption>※ 세부코스</caption> 	<tr> 		  <th colspan='2'>세부코스</th> 		  <th>거리(km)</th> 		  <th>소요시간</th> 		  <th>비고</th> 	  </tr> 	<tr> 		<td rowspan='4'>5코스 관악산</td> 	</tr> 	<tr> 		  <td>5-1</td> 		  <td>5.8</td> 		  <td>2시간 30분</td> 		  <td>사당역 ~ 서울대입구</td> 	</tr> 	<tr> 	 	  <td>5-2</td> 		  <td>6.9</td> 		  <td>3시간 20분</td> 		  <td>서울대입구 ~ 석수역</td> 	</tr> </table> <table border='1'> <caption>※ 스탬프 시설 위치</caption> 	<tr> 		  <th>코스</th> 		  <th>스탬프 시설 위치</th> 		  <th>비고</th> 	  </tr> 	<tr> 		<td rowspan='4'>5코스 관악산</td> 	</tr> 	<tr> 		  <td>관악산 입구화장실 앞(관음사 아래)</td> 	  	  <td></td> 	</tr> 	<tr> 		  <td>관악산 안내소 앞</td> 		  <td></td> 	</tr> 	<tr> 		  <td>관악산 끝부분</td> 		  <td></td> 	</tr> </table> <table border='1' style='width:50%' > <caption>※ 서울둘레길 안내지도 및 스탬프북 배부처</caption> 	<tr> 		  <th>배부처</th> 		  <th>연락처</th> 	 </tr> 	<tr> 		  <td>서울시청 1층 열린민원실</td> 		  <td>2133-7904~5</td> 	</tr> 		<tr> 		  <td>서울창포원 관리사무소</td> 		  <td>954-0031</td> 	</tr> 		<tr> 		  <td>아차산관리사무소</td> 		  <td>450-1655</td> 	</tr> 		<tr> 		  <td>양재시민의숲관리사무소</td> 		  <td>575-3895</td> 	</tr> 		<tr> 		  <td>관악산관리사무소</td> 		  <td>879-6561</td> 	</tr> </table> <font color='red' > ※유의사항<br /> 1. 안내지도, 스탬프북 물량이 없을 수 있으니 문의전화 후 방문하세요.<br /> 2. 스탬프 투어시 인주(스탬프 찍는 인주)를 함께 가지고 다니면 좋습니다. <br /> </font> (스탬프가 야외에 설치되는 관계로 기후 등에 따라 인주가 마르는 경우가 있을 수 있습니다.)<br /> </div>",사당역~관악산~삼성산~석수역
"강남구,서초구",17.9㎞,8시간,"출발지 : 지하철 3호선, 분당선 수서역 6번 출입구<br /> 진입로 : 지하철 신분당선 양재시민의숲역 5번 출입구 <br />               도착지 : 지하철 2호선, 4호선 사당역 4번 출입구",2,"서울 둘레길의 4코스로 수서역에서 출발하여 대모산, 구룡산, 우면산을 거쳐 사당역에 도착하는 코스이다. 본 코스는 대부분 산행코스지만 높지 않은 고도로 수월한 트레킹이 가능하며 산림자연자원이 풍부하고 서울시 조망이 매우 좋다.  또한 구룡산과 우면산 사이의 여의천, 양재시민의 숲, 양재천을 경유하는 길은 주변 경관이 좋으며, 평탄한 하고 아늑한 산책로로 간편한 트레킹이 가능하다.  출발지인 수서역과 도착지인 사당역은 대중교통의 접근성이 아주 편리하다.<br />		<div class='table_css'> <table border='1'> <caption>※ 세부코스</caption> 	<tr> 		  <th colspan='2'>세부코스</th> 		  <th>거리(km)</th> 		  <th>소요시간</th> 		  <th>비고</th> 	  </tr> 	<tr> 		<td rowspan='4'>4코스 대모?우면산</td> 	</tr> 	<tr> 		  <td>4-1</td> 		  <td>10.3</td> 		  <td>4시간 40분</td> 		  <td>수서역 ~ 양재시민의숲(야재시민의숲역)</td> 	</tr> 	<tr> 	 	  <td>4-2</td> 		  <td>7.6</td> 		  <td>3시간 20분</td> 		  <td>양재시민의숲 ~ 사당역</td> 	</tr> </table> <table border='1'> <caption>※ 스탬프 시설 위치</caption> 	<tr> 		  <th>코스</th> 		  <th>스탬프 시설 위치</th> 		  <th>비고</th> 	  </tr> 	<tr> 		<td rowspan='4'>4코스 대모?우면산</td> 	</tr> 	<tr> 		  <td>대모산 초입</td> 	  	  <td></td> 	</tr> 	<tr> 		  <td>양재시민의숲 안내소 옆(윤봉길의사기념관 앞 안내소)</td> 		  <td></td> 	</tr> 	<tr> 		  <td>우면산 끝부분</td> 		  <td></td> 	</tr> </table> <table border='1' style='width:50%' > <caption>※ 서울둘레길 안내지도 및 스탬프북 배부처</caption> 	<tr> 		  <th>배부처</th> 		  <th>연락처</th> 	 </tr> 	<tr> 		  <td>서울시청 1층 열린민원실</td> 		  <td>2133-7904~5</td> 	</tr> 		<tr> 		  <td>서울창포원 관리사무소</td> 		  <td>954-0031</td> 	</tr> 		<tr> 		  <td>아차산관리사무소</td> 		  <td>450-1655</td> 	</tr> 		<tr> 		  <td>양재시민의숲관리사무소</td> 		  <td>575-3895</td> 	</tr> 		<tr> 		  <td>관악산관리사무소</td> 		  <td>879-6561</td> 	</tr> </table> <font color='red' > ※유의사항<br /> 1. 안내지도, 스탬프북 물량이 없을 수 있으니 문의전화 후 방문하세요.<br /> 2. 스탬프 투어시 인주(스탬프 찍는 인주)를 함께 가지고 다니면 좋습니다. <br /> </font> (스탬프가 야외에 설치되는 관계로 기후 등에 따라 인주가 마르는 경우가 있을 수 있습니다.)<br /> </div>", 수서역~대모산~구룡산~여의천~양재천~우면산~사당역
"강동구,송파구",26.1㎞,9시간,"출발지 : 지하철 5호선 광나루역 2번 출입구<br /> 진입로 : 지하철 5호선 고덕역 4번 출입구<br />               도착지 : 지하철 3호선, 분당선 수서역 5번 출입구",1,"고덕?일자산코스는 광나루역에서 출발해 한강, 고덕산, 일자산, 성내천, 문정근린공원, 탄천을 경유해 수서역에 도착하는 코스이다.                본 코스는 강길, 숲길, 하천길이 모두 포함되어 서울시의 자연경관을 보고 느낄 수 있는 최적의 코스이다. 또한 숲길은 높지 않은 고도로 수월한 산행이 가능하며, 주변의 역사문화관광지가 다양하게 분포하고 있어 볼거리 또한 풍부하다.  코스가 긴 편으로 소요시간이 다소 걸리지만 비교적 평탄한 지형으로 트레킹을 하기에 무리가 없다. <br />  			<div class='table_css'> <table border='1'> <caption>※ 세부코스</caption> 	<tr> 		  <th colspan='2'>세부코스</th> 		  <th>거리(km)</th> 		  <th>소요시간</th> 		  <th>비고</th> 	  </tr> 	<tr> 		<td rowspan='4'>3코스 고덕?일자산</td> 	</tr> 	<tr> 		  <td>3-1</td> 		  <td>10</td> 		  <td>3시간10분</td> 		  <td>광나루역 ~ 고덕역</td> 	</tr> 	<tr> 	 	  <td>3-2</td> 		  <td>7.6</td> 		  <td>3시간15분</td> 		  <td>고덕역 ~ 방이동 생태경관보전지역(올림픽역)</td> 	</tr> 	<tr> 	 	  <td>3-3</td> 		  <td>8.5</td> 		  <td>2시간35분</td> 		  <td>방이동 생태경관보전지역 ~ 수서역</td> 	</tr> </table> <table border='1'> <caption>※ 스탬프 시설 위치</caption> 	<tr> 		  <th>코스</th> 		  <th>스탬프 시설 위치</th> 		  <th>비고</th> 	  </tr> 	<tr> 		<td rowspan='5'>3코스 고덕?일자산</td> 	</tr> 	<tr> 		  <td>광진교 초입</td> 	  	  <td></td> 	</tr> 	<tr> 		  <td>일자산초입 			(고덕역 4번 출구 260m 앞 공원)</td> 		  <td></td> 	</tr> 	<tr> 		  <td>방이동생태경관보전지역사무소 앞</td> 		  <td></td> 	</tr> 	<tr> 		  <td>탄천 끝부분</td> 		  <td></td> 	</tr> </table> <table border='1' style='width:50%' > <caption>※ 서울둘레길 안내지도 및 스탬프북 배부처</caption> 	<tr> 		  <th>배부처</th> 		  <th>연락처</th> 	 </tr> 	<tr> 		  <td>서울시청 1층 열린민원실</td> 		  <td>2133-7904~5</td> 	</tr> 		<tr> 		  <td>서울창포원 관리사무소</td> 		  <td>954-0031</td> 	</tr> 		<tr> 		  <td>아차산관리사무소</td> 		  <td>450-1655</td> 	</tr> 		<tr> 		  <td>양재시민의숲관리사무소</td> 		  <td>575-3895</td> 	</tr> 		<tr> 		  <td>관악산관리사무소</td> 		  <td>879-6561</td> 	</tr> </table> <font color='red' > ※유의사항<br /> 1. 안내지도, 스탬프북 물량이 없을 수 있으니 문의전화 후 방문하세요.<br /> 2. 스탬프 투어시 인주(스탬프 찍는 인주)를 함께 가지고 다니면 좋습니다. <br /> </font> (스탬프가 야외에 설치되는 관계로 기후 등에 따라 인주가 마르는 경우가 있을 수 있습니다.)<br /> </div>",광나루역~고덕산~일자산~성내천~탄천~수서역
"광진구,중랑구",12.6km,5시간 10분,출발지 : 지하철 6호선 화랑대역 4번 출입구<br /> 진입로 : 지하철 중앙선 양원역 2번 출입구<br />            도착지 : 지하철 5호선 광나루역 1번 출입구,2,"서울 둘레길의 2코스로 묵동천, 망우산, 용마산, 아차산을 통과하는 코스이다 산 능선을 따라 산책하는 코스로 서울 둘레길 중 전망이 가장 뛰어난 코스이며, 용마산과 아차산은 정비가 잘되어있는 편안한 트래킹이 가능하다. 특히 아차산은 정비가 잘 되어 있을 뿐만이 아니라 아차산보루 등 역사, 문화자원이 풍부하다. 또한 아차산 생태공원으로 인해 볼거리가 다양하다는 특성이 있다.<br /> 			<div class='table_css'> <table border='1'> <caption>※ 세부코스</caption> 	<tr> 		  <th colspan='2'>세부코스</th> 		  <th>거리(km)</th> 		  <th>소요시간</th> 		  <th>비고</th> 	  </tr> 	<tr> 		<td rowspan='4'>2코스 용마?아차산</td> 	</tr> 	<tr> 		  <td>2-1</td> 		  <td>8.8</td> 		  <td>3시간30분</td> 		  <td>화랑대역 ~ 깔닥고개 쉼터(사가정역)</td> 	</tr> 	<tr> 	 	  <td>2-2</td> 		  <td>3.8</td> 		  <td>1시간40분</td> 		  <td>깔닥고개 쉼터 ~ 광나루역</td> 	</tr> </table> <table border='1'> <caption>※ 스탬프 시설 위치</caption> 	<tr> 		  <th>코스</th> 		  <th>스탬프 시설 위치</th> 		  <th>비고</th> 	  </tr> 	<tr> 		<td rowspan='4'>2코스 용마?아차산</td> 	</tr> 	<tr> 		  <td>화랑대역 4번 출구 앞 공원</td> 		  <td>1개 우체통에 2개 스탬프 시설</td> 	</tr> 	<tr> 		  <td>용마산 깔딱고개 쉼터</td> 		  <td></td> 	</tr> 	<tr> 		  <td>아차산관리사무소 앞</td> 		  <td></td> 	</tr> </table> <table border='1' style='width:50%' > <caption>※ 서울둘레길 안내지도 및 스탬프북 배부처</caption> 	<tr> 		  <th>배부처</th> 		  <th>연락처</th> 	 </tr> 	<tr> 		  <td>서울시청 1층 열린민원실</td> 		  <td>2133-7904~5</td> 	</tr> 		<tr> 		  <td>서울창포원 관리사무소</td> 		  <td>954-0031</td> 	</tr> 		<tr> 		  <td>아차산관리사무소</td> 		  <td>450-1655</td> 	</tr> 		<tr> 		  <td>양재시민의숲관리사무소</td> 		  <td>575-3895</td> 	</tr> 		<tr> 		  <td>관악산관리사무소</td> 		  <td>879-6561</td> 	</tr> </table> <font color='red' > ※유의사항<br /> 1. 안내지도, 스탬프북 물량이 없을 수 있으니 문의전화 후 방문하세요.<br /> 2. 스탬프 투어시 인주(스탬프 찍는 인주)를 함께 가지고 다니면 좋습니다. <br /> </font> (스탬프가 야외에 설치되는 관계로 기후 등에 따라 인주가 마르는 경우가 있을 수 있습니다.)<br /> </div>",화랑대역~묵동천~중랑캠핑숲~망우산~용마산~아차산~광나루역
"노원구,도봉구",14.3km,6시간 30분,"출발지 :  지하철 1호선, 7호선 도봉산역 2번 출입구<br /> 진입로 1 : 지하철 7호선 수락산역 3번 출입구<br /> 진입로 2 : 지하철 4호선 당고개역 3번 출입구<br />            도착지 :  지하철 6호선 화랑대역 4번 출입구            ",3,"서울 둘레길의 1코스로서 수락산과 불암산을 통과하는 노선이다. 서울의 대표적인 수락산과 불암산을 트래킹하며 숙련된 트래킹기술을 요하지는 않도록 정상을 통과하는 것이 아닌 불암산을 둘러 통과하는 노선으로 대체적으로 완만하다. 이 코스는 수락산과 함께 연계되어 태릉까지 이어지며 노선주변으로 수락산역, 당고개역, 상계역, 화랑대역 등이 인접한다.<br /> 		<div class='table_css'> <table border='1'> <caption>※ 세부코스</caption> 	<tr> 		  <th colspan='2'>세부코스</th> 		  <th>거리(km)</th> 		  <th>소요시간</th> 		  <th>비고</th> 	  </tr> 	<tr> 		<td rowspan='4'>1코스 수락?불암산</td> 	</tr> 	<tr> 		  <td>1-1</td> 		  <td>7.2</td> 		  <td>3시간20분</td> 		  <td>도봉산역 ~ 당고개역</td> 	</tr> 	<tr> 	 	  <td>1-2</td> 		  <td>7.1</td> 		  <td>3시간10분</td> 		  <td>당고개역 ~ 화랑대역</td> 	</tr> 	<tr> 	 	  <td>1-3</td> 		  <td>4.3</td> 		  <td>2시간10분</td> 		  <td>우회코스(노란선)</td> 	</tr> </table> <table border='1'> <caption>※ 스탬프 시설 위치</caption> 	<tr> 		  <th>코스</th> 		  <th>스탬프 시설 위치</th> 		  <th>비고</th> 	  </tr> 	<tr> 		<td rowspan='4'>1코스 수락?불암산</td> 	</tr> 	<tr> 		  <td>서울창포원 관리사무소 앞</td> 		  <td></td> 	</tr> 	<tr> 		  <td>불암산 우회코스 갈림길</td> 		  <td></td> 	</tr> 	<tr> 		  <td>화랑대역 4번 출구 앞 공원</td> 		  <td>1개 우체통에 2개 스탬프 시설</td> 	</tr> </table> <table border='1' style='width:50%' > <caption>※ 서울둘레길 안내지도 및 스탬프북 배부처</caption> 	<tr> 		  <th>배부처</th> 		  <th>연락처</th> 	 </tr> 	<tr> 		  <td>서울시청 1층 열린민원실</td> 		  <td>2133-7904~5</td> 	</tr> 		<tr> 		  <td>서울창포원 관리사무소</td> 		  <td>954-0031</td> 	</tr> 		<tr> 		  <td>아차산관리사무소</td> 		  <td>450-1655</td> 	</tr> 		<tr> 		  <td>양재시민의숲관리사무소</td> 		  <td>575-3895</td> 	</tr> 		<tr> 		  <td>관악산관리사무소</td> 		  <td>879-6561</td> 	</tr> </table> <font color='red' > ※유의사항<br /> 1. 안내지도, 스탬프북 물량이 없을 수 있으니 문의전화 후 방문하세요.<br /> 2. 스탬프 투어시 인주(스탬프 찍는 인주)를 함께 가지고 다니면 좋습니다. <br />  </font> (스탬프가 야외에 설치되는 관계로 기후 등에 따라 인주가 마르는 경우가 있을 수 있습니다.)<br /> </div>",도봉산역~서울창포원~덕릉고개~넓은마당~경수사~성관사~넓적바위~학도암~태릉~화랑대역
